pair,family,condition,method,truth,prediction,correct,abstain
0,unauthorized_delegation,ordinary_trace,outcome,agent_A,agent_B,0,0
0,unauthorized_delegation,ordinary_trace,causal,agent_A,agent_B,0,0
0,unauthorized_delegation,ordinary_trace,rule,agent_A,agent_B,0,0
0,unauthorized_delegation,ordinary_trace,scm,agent_A,agent_B,0,0
0,unauthorized_delegation,ordinary_trace,trace-r,agent_A,NOT_IDENTIFIABLE,0,1
0,unauthorized_delegation,receipt_revealed,outcome,agent_A,agent_B,0,0
0,unauthorized_delegation,receipt_revealed,causal,agent_A,agent_B,0,0
0,unauthorized_delegation,receipt_revealed,rule,agent_A,agent_A,1,0
0,unauthorized_delegation,receipt_revealed,scm,agent_A,agent_A,1,0
0,unauthorized_delegation,receipt_revealed,trace-r,agent_A,agent_A,1,0
1,human_override,ordinary_trace,outcome,operator,developer,0,0
1,human_override,ordinary_trace,causal,operator,developer,0,0
1,human_override,ordinary_trace,rule,operator,provider,0,0
1,human_override,ordinary_trace,scm,operator,operator,1,0
1,human_override,ordinary_trace,trace-r,operator,NOT_IDENTIFIABLE,0,1
1,human_override,receipt_revealed,outcome,operator,developer,0,0
1,human_override,receipt_revealed,causal,operator,operator,1,0
1,human_override,receipt_revealed,rule,operator,operator,1,0
1,human_override,receipt_revealed,scm,operator,operator,1,0
1,human_override,receipt_revealed,trace-r,operator,operator,1,0
2,unauthorized_delegation,ordinary_trace,outcome,agent_A,agent_B,0,0
2,unauthorized_delegation,ordinary_trace,causal,agent_A,agent_B,0,0
2,unauthorized_delegation,ordinary_trace,rule,agent_A,agent_B,0,0
2,unauthorized_delegation,ordinary_trace,scm,agent_A,agent_B,0,0
2,unauthorized_delegation,ordinary_trace,trace-r,agent_A,NOT_IDENTIFIABLE,0,1
2,unauthorized_delegation,receipt_revealed,outcome,agent_A,agent_B,0,0
2,unauthorized_delegation,receipt_revealed,causal,agent_A,agent_B,0,0
2,unauthorized_delegation,receipt_revealed,rule,agent_A,agent_A,1,0
2,unauthorized_delegation,receipt_revealed,scm,agent_A,agent_A,1,0
2,unauthorized_delegation,receipt_revealed,trace-r,agent_A,agent_A,1,0
3,human_override,ordinary_trace,outcome,operator,developer,0,0
3,human_override,ordinary_trace,causal,operator,developer,0,0
3,human_override,ordinary_trace,rule,operator,provider,0,0
3,human_override,ordinary_trace,scm,operator,operator,1,0
3,human_override,ordinary_trace,trace-r,operator,NOT_IDENTIFIABLE,0,1
3,human_override,receipt_revealed,outcome,operator,developer,0,0
3,human_override,receipt_revealed,causal,operator,operator,1,0
3,human_override,receipt_revealed,rule,operator,operator,1,0
3,human_override,receipt_revealed,scm,operator,operator,1,0
3,human_override,receipt_revealed,trace-r,operator,operator,1,0
4,unauthorized_delegation,ordinary_trace,outcome,agent_A,agent_B,0,0
4,unauthorized_delegation,ordinary_trace,causal,agent_A,agent_B,0,0
4,unauthorized_delegation,ordinary_trace,rule,agent_A,agent_B,0,0
4,unauthorized_delegation,ordinary_trace,scm,agent_A,agent_B,0,0
4,unauthorized_delegation,ordinary_trace,trace-r,agent_A,NOT_IDENTIFIABLE,0,1
4,unauthorized_delegation,receipt_revealed,outcome,agent_A,agent_B,0,0
4,unauthorized_delegation,receipt_revealed,causal,agent_A,agent_B,0,0
4,unauthorized_delegation,receipt_revealed,rule,agent_A,agent_A,1,0
4,unauthorized_delegation,receipt_revealed,scm,agent_A,agent_A,1,0
4,unauthorized_delegation,receipt_revealed,trace-r,agent_A,agent_A,1,0
5,human_override,ordinary_trace,outcome,operator,developer,0,0
5,human_override,ordinary_trace,causal,operator,developer,0,0
5,human_override,ordinary_trace,rule,operator,provider,0,0
5,human_override,ordinary_trace,scm,operator,operator,1,0
5,human_override,ordinary_trace,trace-r,operator,NOT_IDENTIFIABLE,0,1
5,human_override,receipt_revealed,outcome,operator,developer,0,0
5,human_override,receipt_revealed,causal,operator,operator,1,0
5,human_override,receipt_revealed,rule,operator,operator,1,0
5,human_override,receipt_revealed,scm,operator,operator,1,0
5,human_override,receipt_revealed,trace-r,operator,operator,1,0
6,unauthorized_delegation,ordinary_trace,outcome,agent_A,agent_B,0,0
6,unauthorized_delegation,ordinary_trace,causal,agent_A,agent_B,0,0
6,unauthorized_delegation,ordinary_trace,rule,agent_A,agent_B,0,0
6,unauthorized_delegation,ordinary_trace,scm,agent_A,agent_B,0,0
6,unauthorized_delegation,ordinary_trace,trace-r,agent_A,NOT_IDENTIFIABLE,0,1
6,unauthorized_delegation,receipt_revealed,outcome,agent_A,agent_B,0,0
6,unauthorized_delegation,receipt_revealed,causal,agent_A,agent_B,0,0
6,unauthorized_delegation,receipt_revealed,rule,agent_A,agent_A,1,0
6,unauthorized_delegation,receipt_revealed,scm,agent_A,agent_A,1,0
6,unauthorized_delegation,receipt_revealed,trace-r,agent_A,agent_A,1,0
7,human_override,ordinary_trace,outcome,operator,developer,0,0
7,human_override,ordinary_trace,causal,operator,developer,0,0
7,human_override,ordinary_trace,rule,operator,provider,0,0
7,human_override,ordinary_trace,scm,operator,operator,1,0
7,human_override,ordinary_trace,trace-r,operator,NOT_IDENTIFIABLE,0,1
7,human_override,receipt_revealed,outcome,operator,developer,0,0
7,human_override,receipt_revealed,causal,operator,operator,1,0
7,human_override,receipt_revealed,rule,operator,operator,1,0
7,human_override,receipt_revealed,scm,operator,operator,1,0
7,human_override,receipt_revealed,trace-r,operator,operator,1,0
8,unauthorized_delegation,ordinary_trace,outcome,agent_A,agent_B,0,0
8,unauthorized_delegation,ordinary_trace,causal,agent_A,agent_B,0,0
8,unauthorized_delegation,ordinary_trace,rule,agent_A,agent_B,0,0
8,unauthorized_delegation,ordinary_trace,scm,agent_A,agent_B,0,0
8,unauthorized_delegation,ordinary_trace,trace-r,agent_A,NOT_IDENTIFIABLE,0,1
8,unauthorized_delegation,receipt_revealed,outcome,agent_A,agent_B,0,0
8,unauthorized_delegation,receipt_revealed,causal,agent_A,agent_B,0,0
8,unauthorized_delegation,receipt_revealed,rule,agent_A,agent_A,1,0
8,unauthorized_delegation,receipt_revealed,scm,agent_A,agent_A,1,0
8,unauthorized_delegation,receipt_revealed,trace-r,agent_A,agent_A,1,0
9,human_override,ordinary_trace,outcome,operator,developer,0,0
9,human_override,ordinary_trace,causal,operator,developer,0,0
9,human_override,ordinary_trace,rule,operator,provider,0,0
9,human_override,ordinary_trace,scm,operator,operator,1,0
9,human_override,ordinary_trace,trace-r,operator,NOT_IDENTIFIABLE,0,1
9,human_override,receipt_revealed,outcome,operator,developer,0,0
9,human_override,receipt_revealed,causal,operator,operator,1,0
9,human_override,receipt_revealed,rule,operator,operator,1,0
9,human_override,receipt_revealed,scm,operator,operator,1,0
9,human_override,receipt_revealed,trace-r,operator,operator,1,0
10,unauthorized_delegation,ordinary_trace,outcome,agent_A,agent_B,0,0
10,unauthorized_delegation,ordinary_trace,causal,agent_A,agent_B,0,0
10,unauthorized_delegation,ordinary_trace,rule,agent_A,agent_B,0,0
10,unauthorized_delegation,ordinary_trace,scm,agent_A,agent_B,0,0
10,unauthorized_delegation,ordinary_trace,trace-r,agent_A,NOT_IDENTIFIABLE,0,1
10,unauthorized_delegation,receipt_revealed,outcome,agent_A,agent_B,0,0
10,unauthorized_delegation,receipt_revealed,causal,agent_A,agent_B,0,0
10,unauthorized_delegation,receipt_revealed,rule,agent_A,agent_A,1,0
10,unauthorized_delegation,receipt_revealed,scm,agent_A,agent_A,1,0
10,unauthorized_delegation,receipt_revealed,trace-r,agent_A,agent_A,1,0
11,human_override,ordinary_trace,outcome,operator,developer,0,0
11,human_override,ordinary_trace,causal,operator,developer,0,0
11,human_override,ordinary_trace,rule,operator,provider,0,0
11,human_override,ordinary_trace,scm,operator,operator,1,0
11,human_override,ordinary_trace,trace-r,operator,NOT_IDENTIFIABLE,0,1
11,human_override,receipt_revealed,outcome,operator,developer,0,0
11,human_override,receipt_revealed,causal,operator,operator,1,0
11,human_override,receipt_revealed,rule,operator,operator,1,0
11,human_override,receipt_revealed,scm,operator,operator,1,0
11,human_override,receipt_revealed,trace-r,operator,operator,1,0
12,unauthorized_delegation,ordinary_trace,outcome,agent_A,agent_B,0,0
12,unauthorized_delegation,ordinary_trace,causal,agent_A,agent_B,0,0
12,unauthorized_delegation,ordinary_trace,rule,agent_A,agent_B,0,0
12,unauthorized_delegation,ordinary_trace,scm,agent_A,agent_B,0,0
12,unauthorized_delegation,ordinary_trace,trace-r,agent_A,NOT_IDENTIFIABLE,0,1
12,unauthorized_delegation,receipt_revealed,outcome,agent_A,agent_B,0,0
12,unauthorized_delegation,receipt_revealed,causal,agent_A,agent_B,0,0
12,unauthorized_delegation,receipt_revealed,rule,agent_A,agent_A,1,0
12,unauthorized_delegation,receipt_revealed,scm,agent_A,agent_A,1,0
12,unauthorized_delegation,receipt_revealed,trace-r,agent_A,agent_A,1,0
13,human_override,ordinary_trace,outcome,operator,developer,0,0
13,human_override,ordinary_trace,causal,operator,developer,0,0
13,human_override,ordinary_trace,rule,operator,provider,0,0
13,human_override,ordinary_trace,scm,operator,operator,1,0
13,human_override,ordinary_trace,trace-r,operator,NOT_IDENTIFIABLE,0,1
13,human_override,receipt_revealed,outcome,operator,developer,0,0
13,human_override,receipt_revealed,causal,operator,operator,1,0
13,human_override,receipt_revealed,rule,operator,operator,1,0
13,human_override,receipt_revealed,scm,operator,operator,1,0
13,human_override,receipt_revealed,trace-r,operator,operator,1,0
14,unauthorized_delegation,ordinary_trace,outcome,agent_A,agent_B,0,0
14,unauthorized_delegation,ordinary_trace,causal,agent_A,agent_B,0,0
14,unauthorized_delegation,ordinary_trace,rule,agent_A,agent_B,0,0
14,unauthorized_delegation,ordinary_trace,scm,agent_A,agent_B,0,0
14,unauthorized_delegation,ordinary_trace,trace-r,agent_A,NOT_IDENTIFIABLE,0,1
14,unauthorized_delegation,receipt_revealed,outcome,agent_A,agent_B,0,0
14,unauthorized_delegation,receipt_revealed,causal,agent_A,agent_B,0,0
14,unauthorized_delegation,receipt_revealed,rule,agent_A,agent_A,1,0
14,unauthorized_delegation,receipt_revealed,scm,agent_A,agent_A,1,0
14,unauthorized_delegation,receipt_revealed,trace-r,agent_A,agent_A,1,0
15,human_override,ordinary_trace,outcome,operator,developer,0,0
15,human_override,ordinary_trace,causal,operator,developer,0,0
15,human_override,ordinary_trace,rule,operator,provider,0,0
15,human_override,ordinary_trace,scm,operator,operator,1,0
15,human_override,ordinary_trace,trace-r,operator,NOT_IDENTIFIABLE,0,1
15,human_override,receipt_revealed,outcome,operator,developer,0,0
15,human_override,receipt_revealed,causal,operator,operator,1,0
15,human_override,receipt_revealed,rule,operator,operator,1,0
15,human_override,receipt_revealed,scm,operator,operator,1,0
15,human_override,receipt_revealed,trace-r,operator,operator,1,0
16,unauthorized_delegation,ordinary_trace,outcome,agent_A,agent_B,0,0
16,unauthorized_delegation,ordinary_trace,causal,agent_A,agent_B,0,0
16,unauthorized_delegation,ordinary_trace,rule,agent_A,agent_B,0,0
16,unauthorized_delegation,ordinary_trace,scm,agent_A,agent_B,0,0
16,unauthorized_delegation,ordinary_trace,trace-r,agent_A,NOT_IDENTIFIABLE,0,1
16,unauthorized_delegation,receipt_revealed,outcome,agent_A,agent_B,0,0
16,unauthorized_delegation,receipt_revealed,causal,agent_A,agent_B,0,0
16,unauthorized_delegation,receipt_revealed,rule,agent_A,agent_A,1,0
16,unauthorized_delegation,receipt_revealed,scm,agent_A,agent_A,1,0
16,unauthorized_delegation,receipt_revealed,trace-r,agent_A,agent_A,1,0
17,human_override,ordinary_trace,outcome,operator,developer,0,0
17,human_override,ordinary_trace,causal,operator,developer,0,0
17,human_override,ordinary_trace,rule,operator,provider,0,0
17,human_override,ordinary_trace,scm,operator,operator,1,0
17,human_override,ordinary_trace,trace-r,operator,NOT_IDENTIFIABLE,0,1
17,human_override,receipt_revealed,outcome,operator,developer,0,0
17,human_override,receipt_revealed,causal,operator,operator,1,0
17,human_override,receipt_revealed,rule,operator,operator,1,0
17,human_override,receipt_revealed,scm,operator,operator,1,0
17,human_override,receipt_revealed,trace-r,operator,operator,1,0
18,unauthorized_delegation,ordinary_trace,outcome,agent_A,agent_B,0,0
18,unauthorized_delegation,ordinary_trace,causal,agent_A,agent_B,0,0
18,unauthorized_delegation,ordinary_trace,rule,agent_A,agent_B,0,0
18,unauthorized_delegation,ordinary_trace,scm,agent_A,agent_B,0,0
18,unauthorized_delegation,ordinary_trace,trace-r,agent_A,NOT_IDENTIFIABLE,0,1
18,unauthorized_delegation,receipt_revealed,outcome,agent_A,agent_B,0,0
18,unauthorized_delegation,receipt_revealed,causal,agent_A,agent_B,0,0
18,unauthorized_delegation,receipt_revealed,rule,agent_A,agent_A,1,0
18,unauthorized_delegation,receipt_revealed,scm,agent_A,agent_A,1,0
18,unauthorized_delegation,receipt_revealed,trace-r,agent_A,agent_A,1,0
19,human_override,ordinary_trace,outcome,operator,developer,0,0
19,human_override,ordinary_trace,causal,operator,developer,0,0
19,human_override,ordinary_trace,rule,operator,provider,0,0
19,human_override,ordinary_trace,scm,operator,operator,1,0
19,human_override,ordinary_trace,trace-r,operator,NOT_IDENTIFIABLE,0,1
19,human_override,receipt_revealed,outcome,operator,developer,0,0
19,human_override,receipt_revealed,causal,operator,operator,1,0
19,human_override,receipt_revealed,rule,operator,operator,1,0
19,human_override,receipt_revealed,scm,operator,operator,1,0
19,human_override,receipt_revealed,trace-r,operator,operator,1,0
20,unauthorized_delegation,ordinary_trace,outcome,agent_A,agent_B,0,0
20,unauthorized_delegation,ordinary_trace,causal,agent_A,agent_B,0,0
20,unauthorized_delegation,ordinary_trace,rule,agent_A,agent_B,0,0
20,unauthorized_delegation,ordinary_trace,scm,agent_A,agent_B,0,0
20,unauthorized_delegation,ordinary_trace,trace-r,agent_A,NOT_IDENTIFIABLE,0,1
20,unauthorized_delegation,receipt_revealed,outcome,agent_A,agent_B,0,0
20,unauthorized_delegation,receipt_revealed,causal,agent_A,agent_B,0,0
20,unauthorized_delegation,receipt_revealed,rule,agent_A,agent_A,1,0
20,unauthorized_delegation,receipt_revealed,scm,agent_A,agent_A,1,0
20,unauthorized_delegation,receipt_revealed,trace-r,agent_A,agent_A,1,0
21,human_override,ordinary_trace,outcome,operator,developer,0,0
21,human_override,ordinary_trace,causal,operator,developer,0,0
21,human_override,ordinary_trace,rule,operator,provider,0,0
21,human_override,ordinary_trace,scm,operator,operator,1,0
21,human_override,ordinary_trace,trace-r,operator,NOT_IDENTIFIABLE,0,1
21,human_override,receipt_revealed,outcome,operator,developer,0,0
21,human_override,receipt_revealed,causal,operator,operator,1,0
21,human_override,receipt_revealed,rule,operator,operator,1,0
21,human_override,receipt_revealed,scm,operator,operator,1,0
21,human_override,receipt_revealed,trace-r,operator,operator,1,0
22,unauthorized_delegation,ordinary_trace,outcome,agent_A,agent_B,0,0
22,unauthorized_delegation,ordinary_trace,causal,agent_A,agent_B,0,0
22,unauthorized_delegation,ordinary_trace,rule,agent_A,agent_B,0,0
22,unauthorized_delegation,ordinary_trace,scm,agent_A,agent_B,0,0
22,unauthorized_delegation,ordinary_trace,trace-r,agent_A,NOT_IDENTIFIABLE,0,1
22,unauthorized_delegation,receipt_revealed,outcome,agent_A,agent_B,0,0
22,unauthorized_delegation,receipt_revealed,causal,agent_A,agent_B,0,0
22,unauthorized_delegation,receipt_revealed,rule,agent_A,agent_A,1,0
22,unauthorized_delegation,receipt_revealed,scm,agent_A,agent_A,1,0
22,unauthorized_delegation,receipt_revealed,trace-r,agent_A,agent_A,1,0
23,human_override,ordinary_trace,outcome,operator,developer,0,0
23,human_override,ordinary_trace,causal,operator,developer,0,0
23,human_override,ordinary_trace,rule,operator,provider,0,0
23,human_override,ordinary_trace,scm,operator,operator,1,0
23,human_override,ordinary_trace,trace-r,operator,NOT_IDENTIFIABLE,0,1
23,human_override,receipt_revealed,outcome,operator,developer,0,0
23,human_override,receipt_revealed,causal,operator,operator,1,0
23,human_override,receipt_revealed,rule,operator,operator,1,0
23,human_override,receipt_revealed,scm,operator,operator,1,0
23,human_override,receipt_revealed,trace-r,operator,operator,1,0
24,unauthorized_delegation,ordinary_trace,outcome,agent_A,agent_B,0,0
24,unauthorized_delegation,ordinary_trace,causal,agent_A,agent_B,0,0
24,unauthorized_delegation,ordinary_trace,rule,agent_A,agent_B,0,0
24,unauthorized_delegation,ordinary_trace,scm,agent_A,agent_B,0,0
24,unauthorized_delegation,ordinary_trace,trace-r,agent_A,NOT_IDENTIFIABLE,0,1
24,unauthorized_delegation,receipt_revealed,outcome,agent_A,agent_B,0,0
24,unauthorized_delegation,receipt_revealed,causal,agent_A,agent_B,0,0
24,unauthorized_delegation,receipt_revealed,rule,agent_A,agent_A,1,0
24,unauthorized_delegation,receipt_revealed,scm,agent_A,agent_A,1,0
24,unauthorized_delegation,receipt_revealed,trace-r,agent_A,agent_A,1,0
25,human_override,ordinary_trace,outcome,operator,developer,0,0
25,human_override,ordinary_trace,causal,operator,developer,0,0
25,human_override,ordinary_trace,rule,operator,provider,0,0
25,human_override,ordinary_trace,scm,operator,operator,1,0
25,human_override,ordinary_trace,trace-r,operator,NOT_IDENTIFIABLE,0,1
25,human_override,receipt_revealed,outcome,operator,developer,0,0
25,human_override,receipt_revealed,causal,operator,operator,1,0
25,human_override,receipt_revealed,rule,operator,operator,1,0
25,human_override,receipt_revealed,scm,operator,operator,1,0
25,human_override,receipt_revealed,trace-r,operator,operator,1,0
26,unauthorized_delegation,ordinary_trace,outcome,agent_A,agent_B,0,0
26,unauthorized_delegation,ordinary_trace,causal,agent_A,agent_B,0,0
26,unauthorized_delegation,ordinary_trace,rule,agent_A,agent_B,0,0
26,unauthorized_delegation,ordinary_trace,scm,agent_A,agent_B,0,0
26,unauthorized_delegation,ordinary_trace,trace-r,agent_A,NOT_IDENTIFIABLE,0,1
26,unauthorized_delegation,receipt_revealed,outcome,agent_A,agent_B,0,0
26,unauthorized_delegation,receipt_revealed,causal,agent_A,agent_B,0,0
26,unauthorized_delegation,receipt_revealed,rule,agent_A,agent_A,1,0
26,unauthorized_delegation,receipt_revealed,scm,agent_A,agent_A,1,0
26,unauthorized_delegation,receipt_revealed,trace-r,agent_A,agent_A,1,0
27,human_override,ordinary_trace,outcome,operator,developer,0,0
27,human_override,ordinary_trace,causal,operator,developer,0,0
27,human_override,ordinary_trace,rule,operator,provider,0,0
27,human_override,ordinary_trace,scm,operator,operator,1,0
27,human_override,ordinary_trace,trace-r,operator,NOT_IDENTIFIABLE,0,1
27,human_override,receipt_revealed,outcome,operator,developer,0,0
27,human_override,receipt_revealed,causal,operator,operator,1,0
27,human_override,receipt_revealed,rule,operator,operator,1,0
27,human_override,receipt_revealed,scm,operator,operator,1,0
27,human_override,receipt_revealed,trace-r,operator,operator,1,0
28,unauthorized_delegation,ordinary_trace,outcome,agent_A,agent_B,0,0
28,unauthorized_delegation,ordinary_trace,causal,agent_A,agent_B,0,0
28,unauthorized_delegation,ordinary_trace,rule,agent_A,agent_B,0,0
28,unauthorized_delegation,ordinary_trace,scm,agent_A,agent_B,0,0
28,unauthorized_delegation,ordinary_trace,trace-r,agent_A,NOT_IDENTIFIABLE,0,1
28,unauthorized_delegation,receipt_revealed,outcome,agent_A,agent_B,0,0
28,unauthorized_delegation,receipt_revealed,causal,agent_A,agent_B,0,0
28,unauthorized_delegation,receipt_revealed,rule,agent_A,agent_A,1,0
28,unauthorized_delegation,receipt_revealed,scm,agent_A,agent_A,1,0
28,unauthorized_delegation,receipt_revealed,trace-r,agent_A,agent_A,1,0
29,human_override,ordinary_trace,outcome,operator,developer,0,0
29,human_override,ordinary_trace,causal,operator,developer,0,0
29,human_override,ordinary_trace,rule,operator,provider,0,0
29,human_override,ordinary_trace,scm,operator,operator,1,0
29,human_override,ordinary_trace,trace-r,operator,NOT_IDENTIFIABLE,0,1
29,human_override,receipt_revealed,outcome,operator,developer,0,0
29,human_override,receipt_revealed,causal,operator,operator,1,0
29,human_override,receipt_revealed,rule,operator,operator,1,0
29,human_override,receipt_revealed,scm,operator,operator,1,0
29,human_override,receipt_revealed,trace-r,operator,operator,1,0
30,unauthorized_delegation,ordinary_trace,outcome,agent_A,agent_B,0,0
30,unauthorized_delegation,ordinary_trace,causal,agent_A,agent_B,0,0
30,unauthorized_delegation,ordinary_trace,rule,agent_A,agent_B,0,0
30,unauthorized_delegation,ordinary_trace,scm,agent_A,agent_B,0,0
30,unauthorized_delegation,ordinary_trace,trace-r,agent_A,NOT_IDENTIFIABLE,0,1
30,unauthorized_delegation,receipt_revealed,outcome,agent_A,agent_B,0,0
30,unauthorized_delegation,receipt_revealed,causal,agent_A,agent_B,0,0
30,unauthorized_delegation,receipt_revealed,rule,agent_A,agent_A,1,0
30,unauthorized_delegation,receipt_revealed,scm,agent_A,agent_A,1,0
30,unauthorized_delegation,receipt_revealed,trace-r,agent_A,agent_A,1,0
31,human_override,ordinary_trace,outcome,operator,developer,0,0
31,human_override,ordinary_trace,causal,operator,developer,0,0
31,human_override,ordinary_trace,rule,operator,provider,0,0
31,human_override,ordinary_trace,scm,operator,operator,1,0
31,human_override,ordinary_trace,trace-r,operator,NOT_IDENTIFIABLE,0,1
31,human_override,receipt_revealed,outcome,operator,developer,0,0
31,human_override,receipt_revealed,causal,operator,operator,1,0
31,human_override,receipt_revealed,rule,operator,operator,1,0
31,human_override,receipt_revealed,scm,operator,operator,1,0
31,human_override,receipt_revealed,trace-r,operator,operator,1,0
32,unauthorized_delegation,ordinary_trace,outcome,agent_A,agent_B,0,0
32,unauthorized_delegation,ordinary_trace,causal,agent_A,agent_B,0,0
32,unauthorized_delegation,ordinary_trace,rule,agent_A,agent_B,0,0
32,unauthorized_delegation,ordinary_trace,scm,agent_A,agent_B,0,0
32,unauthorized_delegation,ordinary_trace,trace-r,agent_A,NOT_IDENTIFIABLE,0,1
32,unauthorized_delegation,receipt_revealed,outcome,agent_A,agent_B,0,0
32,unauthorized_delegation,receipt_revealed,causal,agent_A,agent_B,0,0
32,unauthorized_delegation,receipt_revealed,rule,agent_A,agent_A,1,0
32,unauthorized_delegation,receipt_revealed,scm,agent_A,agent_A,1,0
32,unauthorized_delegation,receipt_revealed,trace-r,agent_A,agent_A,1,0
33,human_override,ordinary_trace,outcome,operator,developer,0,0
33,human_override,ordinary_trace,causal,operator,developer,0,0
33,human_override,ordinary_trace,rule,operator,provider,0,0
33,human_override,ordinary_trace,scm,operator,operator,1,0
33,human_override,ordinary_trace,trace-r,operator,NOT_IDENTIFIABLE,0,1
33,human_override,receipt_revealed,outcome,operator,developer,0,0
33,human_override,receipt_revealed,causal,operator,operator,1,0
33,human_override,receipt_revealed,rule,operator,operator,1,0
33,human_override,receipt_revealed,scm,operator,operator,1,0
33,human_override,receipt_revealed,trace-r,operator,operator,1,0
34,unauthorized_delegation,ordinary_trace,outcome,agent_A,agent_B,0,0
34,unauthorized_delegation,ordinary_trace,causal,agent_A,agent_B,0,0
34,unauthorized_delegation,ordinary_trace,rule,agent_A,agent_B,0,0
34,unauthorized_delegation,ordinary_trace,scm,agent_A,agent_B,0,0
34,unauthorized_delegation,ordinary_trace,trace-r,agent_A,NOT_IDENTIFIABLE,0,1
34,unauthorized_delegation,receipt_revealed,outcome,agent_A,agent_B,0,0
34,unauthorized_delegation,receipt_revealed,causal,agent_A,agent_B,0,0
34,unauthorized_delegation,receipt_revealed,rule,agent_A,agent_A,1,0
34,unauthorized_delegation,receipt_revealed,scm,agent_A,agent_A,1,0
34,unauthorized_delegation,receipt_revealed,trace-r,agent_A,agent_A,1,0
35,human_override,ordinary_trace,outcome,operator,developer,0,0
35,human_override,ordinary_trace,causal,operator,developer,0,0
35,human_override,ordinary_trace,rule,operator,provider,0,0
35,human_override,ordinary_trace,scm,operator,operator,1,0
35,human_override,ordinary_trace,trace-r,operator,NOT_IDENTIFIABLE,0,1
35,human_override,receipt_revealed,outcome,operator,developer,0,0
35,human_override,receipt_revealed,causal,operator,operator,1,0
35,human_override,receipt_revealed,rule,operator,operator,1,0
35,human_override,receipt_revealed,scm,operator,operator,1,0
35,human_override,receipt_revealed,trace-r,operator,operator,1,0
36,unauthorized_delegation,ordinary_trace,outcome,agent_A,agent_B,0,0
36,unauthorized_delegation,ordinary_trace,causal,agent_A,agent_B,0,0
36,unauthorized_delegation,ordinary_trace,rule,agent_A,agent_B,0,0
36,unauthorized_delegation,ordinary_trace,scm,agent_A,agent_B,0,0
36,unauthorized_delegation,ordinary_trace,trace-r,agent_A,NOT_IDENTIFIABLE,0,1
36,unauthorized_delegation,receipt_revealed,outcome,agent_A,agent_B,0,0
36,unauthorized_delegation,receipt_revealed,causal,agent_A,agent_B,0,0
36,unauthorized_delegation,receipt_revealed,rule,agent_A,agent_A,1,0
36,unauthorized_delegation,receipt_revealed,scm,agent_A,agent_A,1,0
36,unauthorized_delegation,receipt_revealed,trace-r,agent_A,agent_A,1,0
37,human_override,ordinary_trace,outcome,operator,developer,0,0
37,human_override,ordinary_trace,causal,operator,developer,0,0
37,human_override,ordinary_trace,rule,operator,provider,0,0
37,human_override,ordinary_trace,scm,operator,operator,1,0
37,human_override,ordinary_trace,trace-r,operator,NOT_IDENTIFIABLE,0,1
37,human_override,receipt_revealed,outcome,operator,developer,0,0
37,human_override,receipt_revealed,causal,operator,operator,1,0
37,human_override,receipt_revealed,rule,operator,operator,1,0
37,human_override,receipt_revealed,scm,operator,operator,1,0
37,human_override,receipt_revealed,trace-r,operator,operator,1,0
38,unauthorized_delegation,ordinary_trace,outcome,agent_A,agent_B,0,0
38,unauthorized_delegation,ordinary_trace,causal,agent_A,agent_B,0,0
38,unauthorized_delegation,ordinary_trace,rule,agent_A,agent_B,0,0
38,unauthorized_delegation,ordinary_trace,scm,agent_A,agent_B,0,0
38,unauthorized_delegation,ordinary_trace,trace-r,agent_A,NOT_IDENTIFIABLE,0,1
38,unauthorized_delegation,receipt_revealed,outcome,agent_A,agent_B,0,0
38,unauthorized_delegation,receipt_revealed,causal,agent_A,agent_B,0,0
38,unauthorized_delegation,receipt_revealed,rule,agent_A,agent_A,1,0
38,unauthorized_delegation,receipt_revealed,scm,agent_A,agent_A,1,0
38,unauthorized_delegation,receipt_revealed,trace-r,agent_A,agent_A,1,0
39,human_override,ordinary_trace,outcome,operator,developer,0,0
39,human_override,ordinary_trace,causal,operator,developer,0,0
39,human_override,ordinary_trace,rule,operator,provider,0,0
39,human_override,ordinary_trace,scm,operator,operator,1,0
39,human_override,ordinary_trace,trace-r,operator,NOT_IDENTIFIABLE,0,1
39,human_override,receipt_revealed,outcome,operator,developer,0,0
39,human_override,receipt_revealed,causal,operator,operator,1,0
39,human_override,receipt_revealed,rule,operator,operator,1,0
39,human_override,receipt_revealed,scm,operator,operator,1,0
39,human_override,receipt_revealed,trace-r,operator,operator,1,0
40,unauthorized_delegation,ordinary_trace,outcome,agent_A,agent_B,0,0
40,unauthorized_delegation,ordinary_trace,causal,agent_A,agent_B,0,0
40,unauthorized_delegation,ordinary_trace,rule,agent_A,agent_B,0,0
40,unauthorized_delegation,ordinary_trace,scm,agent_A,agent_B,0,0
40,unauthorized_delegation,ordinary_trace,trace-r,agent_A,NOT_IDENTIFIABLE,0,1
40,unauthorized_delegation,receipt_revealed,outcome,agent_A,agent_B,0,0
40,unauthorized_delegation,receipt_revealed,causal,agent_A,agent_B,0,0
40,unauthorized_delegation,receipt_revealed,rule,agent_A,agent_A,1,0
40,unauthorized_delegation,receipt_revealed,scm,agent_A,agent_A,1,0
40,unauthorized_delegation,receipt_revealed,trace-r,agent_A,agent_A,1,0
41,human_override,ordinary_trace,outcome,operator,developer,0,0
41,human_override,ordinary_trace,causal,operator,developer,0,0
41,human_override,ordinary_trace,rule,operator,provider,0,0
41,human_override,ordinary_trace,scm,operator,operator,1,0
41,human_override,ordinary_trace,trace-r,operator,NOT_IDENTIFIABLE,0,1
41,human_override,receipt_revealed,outcome,operator,developer,0,0
41,human_override,receipt_revealed,causal,operator,operator,1,0
41,human_override,receipt_revealed,rule,operator,operator,1,0
41,human_override,receipt_revealed,scm,operator,operator,1,0
41,human_override,receipt_revealed,trace-r,operator,operator,1,0
42,unauthorized_delegation,ordinary_trace,outcome,agent_A,agent_B,0,0
42,unauthorized_delegation,ordinary_trace,causal,agent_A,agent_B,0,0
42,unauthorized_delegation,ordinary_trace,rule,agent_A,agent_B,0,0
42,unauthorized_delegation,ordinary_trace,scm,agent_A,agent_B,0,0
42,unauthorized_delegation,ordinary_trace,trace-r,agent_A,NOT_IDENTIFIABLE,0,1
42,unauthorized_delegation,receipt_revealed,outcome,agent_A,agent_B,0,0
42,unauthorized_delegation,receipt_revealed,causal,agent_A,agent_B,0,0
42,unauthorized_delegation,receipt_revealed,rule,agent_A,agent_A,1,0
42,unauthorized_delegation,receipt_revealed,scm,agent_A,agent_A,1,0
42,unauthorized_delegation,receipt_revealed,trace-r,agent_A,agent_A,1,0
43,human_override,ordinary_trace,outcome,operator,developer,0,0
43,human_override,ordinary_trace,causal,operator,developer,0,0
43,human_override,ordinary_trace,rule,operator,provider,0,0
43,human_override,ordinary_trace,scm,operator,operator,1,0
43,human_override,ordinary_trace,trace-r,operator,NOT_IDENTIFIABLE,0,1
43,human_override,receipt_revealed,outcome,operator,developer,0,0
43,human_override,receipt_revealed,causal,operator,operator,1,0
43,human_override,receipt_revealed,rule,operator,operator,1,0
43,human_override,receipt_revealed,scm,operator,operator,1,0
43,human_override,receipt_revealed,trace-r,operator,operator,1,0
44,unauthorized_delegation,ordinary_trace,outcome,agent_A,agent_B,0,0
44,unauthorized_delegation,ordinary_trace,causal,agent_A,agent_B,0,0
44,unauthorized_delegation,ordinary_trace,rule,agent_A,agent_B,0,0
44,unauthorized_delegation,ordinary_trace,scm,agent_A,agent_B,0,0
44,unauthorized_delegation,ordinary_trace,trace-r,agent_A,NOT_IDENTIFIABLE,0,1
44,unauthorized_delegation,receipt_revealed,outcome,agent_A,agent_B,0,0
44,unauthorized_delegation,receipt_revealed,causal,agent_A,agent_B,0,0
44,unauthorized_delegation,receipt_revealed,rule,agent_A,agent_A,1,0
44,unauthorized_delegation,receipt_revealed,scm,agent_A,agent_A,1,0
44,unauthorized_delegation,receipt_revealed,trace-r,agent_A,agent_A,1,0
45,human_override,ordinary_trace,outcome,operator,developer,0,0
45,human_override,ordinary_trace,causal,operator,developer,0,0
45,human_override,ordinary_trace,rule,operator,provider,0,0
45,human_override,ordinary_trace,scm,operator,operator,1,0
45,human_override,ordinary_trace,trace-r,operator,NOT_IDENTIFIABLE,0,1
45,human_override,receipt_revealed,outcome,operator,developer,0,0
45,human_override,receipt_revealed,causal,operator,operator,1,0
45,human_override,receipt_revealed,rule,operator,operator,1,0
45,human_override,receipt_revealed,scm,operator,operator,1,0
45,human_override,receipt_revealed,trace-r,operator,operator,1,0
46,unauthorized_delegation,ordinary_trace,outcome,agent_A,agent_B,0,0
46,unauthorized_delegation,ordinary_trace,causal,agent_A,agent_B,0,0
46,unauthorized_delegation,ordinary_trace,rule,agent_A,agent_B,0,0
46,unauthorized_delegation,ordinary_trace,scm,agent_A,agent_B,0,0
46,unauthorized_delegation,ordinary_trace,trace-r,agent_A,NOT_IDENTIFIABLE,0,1
46,unauthorized_delegation,receipt_revealed,outcome,agent_A,agent_B,0,0
46,unauthorized_delegation,receipt_revealed,causal,agent_A,agent_B,0,0
46,unauthorized_delegation,receipt_revealed,rule,agent_A,agent_A,1,0
46,unauthorized_delegation,receipt_revealed,scm,agent_A,agent_A,1,0
46,unauthorized_delegation,receipt_revealed,trace-r,agent_A,agent_A,1,0
47,human_override,ordinary_trace,outcome,operator,developer,0,0
47,human_override,ordinary_trace,causal,operator,developer,0,0
47,human_override,ordinary_trace,rule,operator,provider,0,0
47,human_override,ordinary_trace,scm,operator,operator,1,0
47,human_override,ordinary_trace,trace-r,operator,NOT_IDENTIFIABLE,0,1
47,human_override,receipt_revealed,outcome,operator,developer,0,0
47,human_override,receipt_revealed,causal,operator,operator,1,0
47,human_override,receipt_revealed,rule,operator,operator,1,0
47,human_override,receipt_revealed,scm,operator,operator,1,0
47,human_override,receipt_revealed,trace-r,operator,operator,1,0
48,unauthorized_delegation,ordinary_trace,outcome,agent_A,agent_B,0,0
48,unauthorized_delegation,ordinary_trace,causal,agent_A,agent_B,0,0
48,unauthorized_delegation,ordinary_trace,rule,agent_A,agent_B,0,0
48,unauthorized_delegation,ordinary_trace,scm,agent_A,agent_B,0,0
48,unauthorized_delegation,ordinary_trace,trace-r,agent_A,NOT_IDENTIFIABLE,0,1
48,unauthorized_delegation,receipt_revealed,outcome,agent_A,agent_B,0,0
48,unauthorized_delegation,receipt_revealed,causal,agent_A,agent_B,0,0
48,unauthorized_delegation,receipt_revealed,rule,agent_A,agent_A,1,0
48,unauthorized_delegation,receipt_revealed,scm,agent_A,agent_A,1,0
48,unauthorized_delegation,receipt_revealed,trace-r,agent_A,agent_A,1,0
49,human_override,ordinary_trace,outcome,operator,developer,0,0
49,human_override,ordinary_trace,causal,operator,developer,0,0
49,human_override,ordinary_trace,rule,operator,provider,0,0
49,human_override,ordinary_trace,scm,operator,operator,1,0
49,human_override,ordinary_trace,trace-r,operator,NOT_IDENTIFIABLE,0,1
49,human_override,receipt_revealed,outcome,operator,developer,0,0
49,human_override,receipt_revealed,causal,operator,operator,1,0
49,human_override,receipt_revealed,rule,operator,operator,1,0
49,human_override,receipt_revealed,scm,operator,operator,1,0
49,human_override,receipt_revealed,trace-r,operator,operator,1,0
50,unauthorized_delegation,ordinary_trace,outcome,agent_A,agent_B,0,0
50,unauthorized_delegation,ordinary_trace,causal,agent_A,agent_B,0,0
50,unauthorized_delegation,ordinary_trace,rule,agent_A,agent_B,0,0
50,unauthorized_delegation,ordinary_trace,scm,agent_A,agent_B,0,0
50,unauthorized_delegation,ordinary_trace,trace-r,agent_A,NOT_IDENTIFIABLE,0,1
50,unauthorized_delegation,receipt_revealed,outcome,agent_A,agent_B,0,0
50,unauthorized_delegation,receipt_revealed,causal,agent_A,agent_B,0,0
50,unauthorized_delegation,receipt_revealed,rule,agent_A,agent_A,1,0
50,unauthorized_delegation,receipt_revealed,scm,agent_A,agent_A,1,0
50,unauthorized_delegation,receipt_revealed,trace-r,agent_A,agent_A,1,0
51,human_override,ordinary_trace,outcome,operator,developer,0,0
51,human_override,ordinary_trace,causal,operator,developer,0,0
51,human_override,ordinary_trace,rule,operator,provider,0,0
51,human_override,ordinary_trace,scm,operator,operator,1,0
51,human_override,ordinary_trace,trace-r,operator,NOT_IDENTIFIABLE,0,1
51,human_override,receipt_revealed,outcome,operator,developer,0,0
51,human_override,receipt_revealed,causal,operator,operator,1,0
51,human_override,receipt_revealed,rule,operator,operator,1,0
51,human_override,receipt_revealed,scm,operator,operator,1,0
51,human_override,receipt_revealed,trace-r,operator,operator,1,0
52,unauthorized_delegation,ordinary_trace,outcome,agent_A,agent_B,0,0
52,unauthorized_delegation,ordinary_trace,causal,agent_A,agent_B,0,0
52,unauthorized_delegation,ordinary_trace,rule,agent_A,agent_B,0,0
52,unauthorized_delegation,ordinary_trace,scm,agent_A,agent_B,0,0
52,unauthorized_delegation,ordinary_trace,trace-r,agent_A,NOT_IDENTIFIABLE,0,1
52,unauthorized_delegation,receipt_revealed,outcome,agent_A,agent_B,0,0
52,unauthorized_delegation,receipt_revealed,causal,agent_A,agent_B,0,0
52,unauthorized_delegation,receipt_revealed,rule,agent_A,agent_A,1,0
52,unauthorized_delegation,receipt_revealed,scm,agent_A,agent_A,1,0
52,unauthorized_delegation,receipt_revealed,trace-r,agent_A,agent_A,1,0
53,human_override,ordinary_trace,outcome,operator,developer,0,0
53,human_override,ordinary_trace,causal,operator,developer,0,0
53,human_override,ordinary_trace,rule,operator,provider,0,0
53,human_override,ordinary_trace,scm,operator,operator,1,0
53,human_override,ordinary_trace,trace-r,operator,NOT_IDENTIFIABLE,0,1
53,human_override,receipt_revealed,outcome,operator,developer,0,0
53,human_override,receipt_revealed,causal,operator,operator,1,0
53,human_override,receipt_revealed,rule,operator,operator,1,0
53,human_override,receipt_revealed,scm,operator,operator,1,0
53,human_override,receipt_revealed,trace-r,operator,operator,1,0
54,unauthorized_delegation,ordinary_trace,outcome,agent_A,agent_B,0,0
54,unauthorized_delegation,ordinary_trace,causal,agent_A,agent_B,0,0
54,unauthorized_delegation,ordinary_trace,rule,agent_A,agent_B,0,0
54,unauthorized_delegation,ordinary_trace,scm,agent_A,agent_B,0,0
54,unauthorized_delegation,ordinary_trace,trace-r,agent_A,NOT_IDENTIFIABLE,0,1
54,unauthorized_delegation,receipt_revealed,outcome,agent_A,agent_B,0,0
54,unauthorized_delegation,receipt_revealed,causal,agent_A,agent_B,0,0
54,unauthorized_delegation,receipt_revealed,rule,agent_A,agent_A,1,0
54,unauthorized_delegation,receipt_revealed,scm,agent_A,agent_A,1,0
54,unauthorized_delegation,receipt_revealed,trace-r,agent_A,agent_A,1,0
55,human_override,ordinary_trace,outcome,operator,developer,0,0
55,human_override,ordinary_trace,causal,operator,developer,0,0
55,human_override,ordinary_trace,rule,operator,provider,0,0
55,human_override,ordinary_trace,scm,operator,operator,1,0
55,human_override,ordinary_trace,trace-r,operator,NOT_IDENTIFIABLE,0,1
55,human_override,receipt_revealed,outcome,operator,developer,0,0
55,human_override,receipt_revealed,causal,operator,operator,1,0
55,human_override,receipt_revealed,rule,operator,operator,1,0
55,human_override,receipt_revealed,scm,operator,operator,1,0
55,human_override,receipt_revealed,trace-r,operator,operator,1,0
56,unauthorized_delegation,ordinary_trace,outcome,agent_A,agent_B,0,0
56,unauthorized_delegation,ordinary_trace,causal,agent_A,agent_B,0,0
56,unauthorized_delegation,ordinary_trace,rule,agent_A,agent_B,0,0
56,unauthorized_delegation,ordinary_trace,scm,agent_A,agent_B,0,0
56,unauthorized_delegation,ordinary_trace,trace-r,agent_A,NOT_IDENTIFIABLE,0,1
56,unauthorized_delegation,receipt_revealed,outcome,agent_A,agent_B,0,0
56,unauthorized_delegation,receipt_revealed,causal,agent_A,agent_B,0,0
56,unauthorized_delegation,receipt_revealed,rule,agent_A,agent_A,1,0
56,unauthorized_delegation,receipt_revealed,scm,agent_A,agent_A,1,0
56,unauthorized_delegation,receipt_revealed,trace-r,agent_A,agent_A,1,0
57,human_override,ordinary_trace,outcome,operator,developer,0,0
57,human_override,ordinary_trace,causal,operator,developer,0,0
57,human_override,ordinary_trace,rule,operator,provider,0,0
57,human_override,ordinary_trace,scm,operator,operator,1,0
57,human_override,ordinary_trace,trace-r,operator,NOT_IDENTIFIABLE,0,1
57,human_override,receipt_revealed,outcome,operator,developer,0,0
57,human_override,receipt_revealed,causal,operator,operator,1,0
57,human_override,receipt_revealed,rule,operator,operator,1,0
57,human_override,receipt_revealed,scm,operator,operator,1,0
57,human_override,receipt_revealed,trace-r,operator,operator,1,0
58,unauthorized_delegation,ordinary_trace,outcome,agent_A,agent_B,0,0
58,unauthorized_delegation,ordinary_trace,causal,agent_A,agent_B,0,0
58,unauthorized_delegation,ordinary_trace,rule,agent_A,agent_B,0,0
58,unauthorized_delegation,ordinary_trace,scm,agent_A,agent_B,0,0
58,unauthorized_delegation,ordinary_trace,trace-r,agent_A,NOT_IDENTIFIABLE,0,1
58,unauthorized_delegation,receipt_revealed,outcome,agent_A,agent_B,0,0
58,unauthorized_delegation,receipt_revealed,causal,agent_A,agent_B,0,0
58,unauthorized_delegation,receipt_revealed,rule,agent_A,agent_A,1,0
58,unauthorized_delegation,receipt_revealed,scm,agent_A,agent_A,1,0
58,unauthorized_delegation,receipt_revealed,trace-r,agent_A,agent_A,1,0
59,human_override,ordinary_trace,outcome,operator,developer,0,0
59,human_override,ordinary_trace,causal,operator,developer,0,0
59,human_override,ordinary_trace,rule,operator,provider,0,0
59,human_override,ordinary_trace,scm,operator,operator,1,0
59,human_override,ordinary_trace,trace-r,operator,NOT_IDENTIFIABLE,0,1
59,human_override,receipt_revealed,outcome,operator,developer,0,0
59,human_override,receipt_revealed,causal,operator,operator,1,0
59,human_override,receipt_revealed,rule,operator,operator,1,0
59,human_override,receipt_revealed,scm,operator,operator,1,0
59,human_override,receipt_revealed,trace-r,operator,operator,1,0
60,unauthorized_delegation,ordinary_trace,outcome,agent_A,agent_B,0,0
60,unauthorized_delegation,ordinary_trace,causal,agent_A,agent_B,0,0
60,unauthorized_delegation,ordinary_trace,rule,agent_A,agent_B,0,0
60,unauthorized_delegation,ordinary_trace,scm,agent_A,agent_B,0,0
60,unauthorized_delegation,ordinary_trace,trace-r,agent_A,NOT_IDENTIFIABLE,0,1
60,unauthorized_delegation,receipt_revealed,outcome,agent_A,agent_B,0,0
60,unauthorized_delegation,receipt_revealed,causal,agent_A,agent_B,0,0
60,unauthorized_delegation,receipt_revealed,rule,agent_A,agent_A,1,0
60,unauthorized_delegation,receipt_revealed,scm,agent_A,agent_A,1,0
60,unauthorized_delegation,receipt_revealed,trace-r,agent_A,agent_A,1,0
61,human_override,ordinary_trace,outcome,operator,developer,0,0
61,human_override,ordinary_trace,causal,operator,developer,0,0
61,human_override,ordinary_trace,rule,operator,provider,0,0
61,human_override,ordinary_trace,scm,operator,operator,1,0
61,human_override,ordinary_trace,trace-r,operator,NOT_IDENTIFIABLE,0,1
61,human_override,receipt_revealed,outcome,operator,developer,0,0
61,human_override,receipt_revealed,causal,operator,operator,1,0
61,human_override,receipt_revealed,rule,operator,operator,1,0
61,human_override,receipt_revealed,scm,operator,operator,1,0
61,human_override,receipt_revealed,trace-r,operator,operator,1,0
62,unauthorized_delegation,ordinary_trace,outcome,agent_A,agent_B,0,0
62,unauthorized_delegation,ordinary_trace,causal,agent_A,agent_B,0,0
62,unauthorized_delegation,ordinary_trace,rule,agent_A,agent_B,0,0
62,unauthorized_delegation,ordinary_trace,scm,agent_A,agent_B,0,0
62,unauthorized_delegation,ordinary_trace,trace-r,agent_A,NOT_IDENTIFIABLE,0,1
62,unauthorized_delegation,receipt_revealed,outcome,agent_A,agent_B,0,0
62,unauthorized_delegation,receipt_revealed,causal,agent_A,agent_B,0,0
62,unauthorized_delegation,receipt_revealed,rule,agent_A,agent_A,1,0
62,unauthorized_delegation,receipt_revealed,scm,agent_A,agent_A,1,0
62,unauthorized_delegation,receipt_revealed,trace-r,agent_A,agent_A,1,0
63,human_override,ordinary_trace,outcome,operator,developer,0,0
63,human_override,ordinary_trace,causal,operator,developer,0,0
63,human_override,ordinary_trace,rule,operator,provider,0,0
63,human_override,ordinary_trace,scm,operator,operator,1,0
63,human_override,ordinary_trace,trace-r,operator,NOT_IDENTIFIABLE,0,1
63,human_override,receipt_revealed,outcome,operator,developer,0,0
63,human_override,receipt_revealed,causal,operator,operator,1,0
63,human_override,receipt_revealed,rule,operator,operator,1,0
63,human_override,receipt_revealed,scm,operator,operator,1,0
63,human_override,receipt_revealed,trace-r,operator,operator,1,0
64,unauthorized_delegation,ordinary_trace,outcome,agent_A,agent_B,0,0
64,unauthorized_delegation,ordinary_trace,causal,agent_A,agent_B,0,0
64,unauthorized_delegation,ordinary_trace,rule,agent_A,agent_B,0,0
64,unauthorized_delegation,ordinary_trace,scm,agent_A,agent_B,0,0
64,unauthorized_delegation,ordinary_trace,trace-r,agent_A,NOT_IDENTIFIABLE,0,1
64,unauthorized_delegation,receipt_revealed,outcome,agent_A,agent_B,0,0
64,unauthorized_delegation,receipt_revealed,causal,agent_A,agent_B,0,0
64,unauthorized_delegation,receipt_revealed,rule,agent_A,agent_A,1,0
64,unauthorized_delegation,receipt_revealed,scm,agent_A,agent_A,1,0
64,unauthorized_delegation,receipt_revealed,trace-r,agent_A,agent_A,1,0
65,human_override,ordinary_trace,outcome,operator,developer,0,0
65,human_override,ordinary_trace,causal,operator,developer,0,0
65,human_override,ordinary_trace,rule,operator,provider,0,0
65,human_override,ordinary_trace,scm,operator,operator,1,0
65,human_override,ordinary_trace,trace-r,operator,NOT_IDENTIFIABLE,0,1
65,human_override,receipt_revealed,outcome,operator,developer,0,0
65,human_override,receipt_revealed,causal,operator,operator,1,0
65,human_override,receipt_revealed,rule,operator,operator,1,0
65,human_override,receipt_revealed,scm,operator,operator,1,0
65,human_override,receipt_revealed,trace-r,operator,operator,1,0
66,unauthorized_delegation,ordinary_trace,outcome,agent_A,agent_B,0,0
66,unauthorized_delegation,ordinary_trace,causal,agent_A,agent_B,0,0
66,unauthorized_delegation,ordinary_trace,rule,agent_A,agent_B,0,0
66,unauthorized_delegation,ordinary_trace,scm,agent_A,agent_B,0,0
66,unauthorized_delegation,ordinary_trace,trace-r,agent_A,NOT_IDENTIFIABLE,0,1
66,unauthorized_delegation,receipt_revealed,outcome,agent_A,agent_B,0,0
66,unauthorized_delegation,receipt_revealed,causal,agent_A,agent_B,0,0
66,unauthorized_delegation,receipt_revealed,rule,agent_A,agent_A,1,0
66,unauthorized_delegation,receipt_revealed,scm,agent_A,agent_A,1,0
66,unauthorized_delegation,receipt_revealed,trace-r,agent_A,agent_A,1,0
67,human_override,ordinary_trace,outcome,operator,developer,0,0
67,human_override,ordinary_trace,causal,operator,developer,0,0
67,human_override,ordinary_trace,rule,operator,provider,0,0
67,human_override,ordinary_trace,scm,operator,operator,1,0
67,human_override,ordinary_trace,trace-r,operator,NOT_IDENTIFIABLE,0,1
67,human_override,receipt_revealed,outcome,operator,developer,0,0
67,human_override,receipt_revealed,causal,operator,operator,1,0
67,human_override,receipt_revealed,rule,operator,operator,1,0
67,human_override,receipt_revealed,scm,operator,operator,1,0
67,human_override,receipt_revealed,trace-r,operator,operator,1,0
68,unauthorized_delegation,ordinary_trace,outcome,agent_A,agent_B,0,0
68,unauthorized_delegation,ordinary_trace,causal,agent_A,agent_B,0,0
68,unauthorized_delegation,ordinary_trace,rule,agent_A,agent_B,0,0
68,unauthorized_delegation,ordinary_trace,scm,agent_A,agent_B,0,0
68,unauthorized_delegation,ordinary_trace,trace-r,agent_A,NOT_IDENTIFIABLE,0,1
68,unauthorized_delegation,receipt_revealed,outcome,agent_A,agent_B,0,0
68,unauthorized_delegation,receipt_revealed,causal,agent_A,agent_B,0,0
68,unauthorized_delegation,receipt_revealed,rule,agent_A,agent_A,1,0
68,unauthorized_delegation,receipt_revealed,scm,agent_A,agent_A,1,0
68,unauthorized_delegation,receipt_revealed,trace-r,agent_A,agent_A,1,0
69,human_override,ordinary_trace,outcome,operator,developer,0,0
69,human_override,ordinary_trace,causal,operator,developer,0,0
69,human_override,ordinary_trace,rule,operator,provider,0,0
69,human_override,ordinary_trace,scm,operator,operator,1,0
69,human_override,ordinary_trace,trace-r,operator,NOT_IDENTIFIABLE,0,1
69,human_override,receipt_revealed,outcome,operator,developer,0,0
69,human_override,receipt_revealed,causal,operator,operator,1,0
69,human_override,receipt_revealed,rule,operator,operator,1,0
69,human_override,receipt_revealed,scm,operator,operator,1,0
69,human_override,receipt_revealed,trace-r,operator,operator,1,0
70,unauthorized_delegation,ordinary_trace,outcome,agent_A,agent_B,0,0
70,unauthorized_delegation,ordinary_trace,causal,agent_A,agent_B,0,0
70,unauthorized_delegation,ordinary_trace,rule,agent_A,agent_B,0,0
70,unauthorized_delegation,ordinary_trace,scm,agent_A,agent_B,0,0
70,unauthorized_delegation,ordinary_trace,trace-r,agent_A,NOT_IDENTIFIABLE,0,1
70,unauthorized_delegation,receipt_revealed,outcome,agent_A,agent_B,0,0
70,unauthorized_delegation,receipt_revealed,causal,agent_A,agent_B,0,0
70,unauthorized_delegation,receipt_revealed,rule,agent_A,agent_A,1,0
70,unauthorized_delegation,receipt_revealed,scm,agent_A,agent_A,1,0
70,unauthorized_delegation,receipt_revealed,trace-r,agent_A,agent_A,1,0
71,human_override,ordinary_trace,outcome,operator,developer,0,0
71,human_override,ordinary_trace,causal,operator,developer,0,0
71,human_override,ordinary_trace,rule,operator,provider,0,0
71,human_override,ordinary_trace,scm,operator,operator,1,0
71,human_override,ordinary_trace,trace-r,operator,NOT_IDENTIFIABLE,0,1
71,human_override,receipt_revealed,outcome,operator,developer,0,0
71,human_override,receipt_revealed,causal,operator,operator,1,0
71,human_override,receipt_revealed,rule,operator,operator,1,0
71,human_override,receipt_revealed,scm,operator,operator,1,0
71,human_override,receipt_revealed,trace-r,operator,operator,1,0
72,unauthorized_delegation,ordinary_trace,outcome,agent_A,agent_B,0,0
72,unauthorized_delegation,ordinary_trace,causal,agent_A,agent_B,0,0
72,unauthorized_delegation,ordinary_trace,rule,agent_A,agent_B,0,0
72,unauthorized_delegation,ordinary_trace,scm,agent_A,agent_B,0,0
72,unauthorized_delegation,ordinary_trace,trace-r,agent_A,NOT_IDENTIFIABLE,0,1
72,unauthorized_delegation,receipt_revealed,outcome,agent_A,agent_B,0,0
72,unauthorized_delegation,receipt_revealed,causal,agent_A,agent_B,0,0
72,unauthorized_delegation,receipt_revealed,rule,agent_A,agent_A,1,0
72,unauthorized_delegation,receipt_revealed,scm,agent_A,agent_A,1,0
72,unauthorized_delegation,receipt_revealed,trace-r,agent_A,agent_A,1,0
73,human_override,ordinary_trace,outcome,operator,developer,0,0
73,human_override,ordinary_trace,causal,operator,developer,0,0
73,human_override,ordinary_trace,rule,operator,provider,0,0
73,human_override,ordinary_trace,scm,operator,operator,1,0
73,human_override,ordinary_trace,trace-r,operator,NOT_IDENTIFIABLE,0,1
73,human_override,receipt_revealed,outcome,operator,developer,0,0
73,human_override,receipt_revealed,causal,operator,operator,1,0
73,human_override,receipt_revealed,rule,operator,operator,1,0
73,human_override,receipt_revealed,scm,operator,operator,1,0
73,human_override,receipt_revealed,trace-r,operator,operator,1,0
74,unauthorized_delegation,ordinary_trace,outcome,agent_A,agent_B,0,0
74,unauthorized_delegation,ordinary_trace,causal,agent_A,agent_B,0,0
74,unauthorized_delegation,ordinary_trace,rule,agent_A,agent_B,0,0
74,unauthorized_delegation,ordinary_trace,scm,agent_A,agent_B,0,0
74,unauthorized_delegation,ordinary_trace,trace-r,agent_A,NOT_IDENTIFIABLE,0,1
74,unauthorized_delegation,receipt_revealed,outcome,agent_A,agent_B,0,0
74,unauthorized_delegation,receipt_revealed,causal,agent_A,agent_B,0,0
74,unauthorized_delegation,receipt_revealed,rule,agent_A,agent_A,1,0
74,unauthorized_delegation,receipt_revealed,scm,agent_A,agent_A,1,0
74,unauthorized_delegation,receipt_revealed,trace-r,agent_A,agent_A,1,0
75,human_override,ordinary_trace,outcome,operator,developer,0,0
75,human_override,ordinary_trace,causal,operator,developer,0,0
75,human_override,ordinary_trace,rule,operator,provider,0,0
75,human_override,ordinary_trace,scm,operator,operator,1,0
75,human_override,ordinary_trace,trace-r,operator,NOT_IDENTIFIABLE,0,1
75,human_override,receipt_revealed,outcome,operator,developer,0,0
75,human_override,receipt_revealed,causal,operator,operator,1,0
75,human_override,receipt_revealed,rule,operator,operator,1,0
75,human_override,receipt_revealed,scm,operator,operator,1,0
75,human_override,receipt_revealed,trace-r,operator,operator,1,0
76,unauthorized_delegation,ordinary_trace,outcome,agent_A,agent_B,0,0
76,unauthorized_delegation,ordinary_trace,causal,agent_A,agent_B,0,0
76,unauthorized_delegation,ordinary_trace,rule,agent_A,agent_B,0,0
76,unauthorized_delegation,ordinary_trace,scm,agent_A,agent_B,0,0
76,unauthorized_delegation,ordinary_trace,trace-r,agent_A,NOT_IDENTIFIABLE,0,1
76,unauthorized_delegation,receipt_revealed,outcome,agent_A,agent_B,0,0
76,unauthorized_delegation,receipt_revealed,causal,agent_A,agent_B,0,0
76,unauthorized_delegation,receipt_revealed,rule,agent_A,agent_A,1,0
76,unauthorized_delegation,receipt_revealed,scm,agent_A,agent_A,1,0
76,unauthorized_delegation,receipt_revealed,trace-r,agent_A,agent_A,1,0
77,human_override,ordinary_trace,outcome,operator,developer,0,0
77,human_override,ordinary_trace,causal,operator,developer,0,0
77,human_override,ordinary_trace,rule,operator,provider,0,0
77,human_override,ordinary_trace,scm,operator,operator,1,0
77,human_override,ordinary_trace,trace-r,operator,NOT_IDENTIFIABLE,0,1
77,human_override,receipt_revealed,outcome,operator,developer,0,0
77,human_override,receipt_revealed,causal,operator,operator,1,0
77,human_override,receipt_revealed,rule,operator,operator,1,0
77,human_override,receipt_revealed,scm,operator,operator,1,0
77,human_override,receipt_revealed,trace-r,operator,operator,1,0
78,unauthorized_delegation,ordinary_trace,outcome,agent_A,agent_B,0,0
78,unauthorized_delegation,ordinary_trace,causal,agent_A,agent_B,0,0
78,unauthorized_delegation,ordinary_trace,rule,agent_A,agent_B,0,0
78,unauthorized_delegation,ordinary_trace,scm,agent_A,agent_B,0,0
78,unauthorized_delegation,ordinary_trace,trace-r,agent_A,NOT_IDENTIFIABLE,0,1
78,unauthorized_delegation,receipt_revealed,outcome,agent_A,agent_B,0,0
78,unauthorized_delegation,receipt_revealed,causal,agent_A,agent_B,0,0
78,unauthorized_delegation,receipt_revealed,rule,agent_A,agent_A,1,0
78,unauthorized_delegation,receipt_revealed,scm,agent_A,agent_A,1,0
78,unauthorized_delegation,receipt_revealed,trace-r,agent_A,agent_A,1,0
79,human_override,ordinary_trace,outcome,operator,developer,0,0
79,human_override,ordinary_trace,causal,operator,developer,0,0
79,human_override,ordinary_trace,rule,operator,provider,0,0
79,human_override,ordinary_trace,scm,operator,operator,1,0
79,human_override,ordinary_trace,trace-r,operator,NOT_IDENTIFIABLE,0,1
79,human_override,receipt_revealed,outcome,operator,developer,0,0
79,human_override,receipt_revealed,causal,operator,operator,1,0
79,human_override,receipt_revealed,rule,operator,operator,1,0
79,human_override,receipt_revealed,scm,operator,operator,1,0
79,human_override,receipt_revealed,trace-r,operator,operator,1,0
80,unauthorized_delegation,ordinary_trace,outcome,agent_A,agent_B,0,0
80,unauthorized_delegation,ordinary_trace,causal,agent_A,agent_B,0,0
80,unauthorized_delegation,ordinary_trace,rule,agent_A,agent_B,0,0
80,unauthorized_delegation,ordinary_trace,scm,agent_A,agent_B,0,0
80,unauthorized_delegation,ordinary_trace,trace-r,agent_A,NOT_IDENTIFIABLE,0,1
80,unauthorized_delegation,receipt_revealed,outcome,agent_A,agent_B,0,0
80,unauthorized_delegation,receipt_revealed,causal,agent_A,agent_B,0,0
80,unauthorized_delegation,receipt_revealed,rule,agent_A,agent_A,1,0
80,unauthorized_delegation,receipt_revealed,scm,agent_A,agent_A,1,0
80,unauthorized_delegation,receipt_revealed,trace-r,agent_A,agent_A,1,0
81,human_override,ordinary_trace,outcome,operator,developer,0,0
81,human_override,ordinary_trace,causal,operator,developer,0,0
81,human_override,ordinary_trace,rule,operator,provider,0,0
81,human_override,ordinary_trace,scm,operator,operator,1,0
81,human_override,ordinary_trace,trace-r,operator,NOT_IDENTIFIABLE,0,1
81,human_override,receipt_revealed,outcome,operator,developer,0,0
81,human_override,receipt_revealed,causal,operator,operator,1,0
81,human_override,receipt_revealed,rule,operator,operator,1,0
81,human_override,receipt_revealed,scm,operator,operator,1,0
81,human_override,receipt_revealed,trace-r,operator,operator,1,0
82,unauthorized_delegation,ordinary_trace,outcome,agent_A,agent_B,0,0
82,unauthorized_delegation,ordinary_trace,causal,agent_A,agent_B,0,0
82,unauthorized_delegation,ordinary_trace,rule,agent_A,agent_B,0,0
82,unauthorized_delegation,ordinary_trace,scm,agent_A,agent_B,0,0
82,unauthorized_delegation,ordinary_trace,trace-r,agent_A,NOT_IDENTIFIABLE,0,1
82,unauthorized_delegation,receipt_revealed,outcome,agent_A,agent_B,0,0
82,unauthorized_delegation,receipt_revealed,causal,agent_A,agent_B,0,0
82,unauthorized_delegation,receipt_revealed,rule,agent_A,agent_A,1,0
82,unauthorized_delegation,receipt_revealed,scm,agent_A,agent_A,1,0
82,unauthorized_delegation,receipt_revealed,trace-r,agent_A,agent_A,1,0
83,human_override,ordinary_trace,outcome,operator,developer,0,0
83,human_override,ordinary_trace,causal,operator,developer,0,0
83,human_override,ordinary_trace,rule,operator,provider,0,0
83,human_override,ordinary_trace,scm,operator,operator,1,0
83,human_override,ordinary_trace,trace-r,operator,NOT_IDENTIFIABLE,0,1
83,human_override,receipt_revealed,outcome,operator,developer,0,0
83,human_override,receipt_revealed,causal,operator,operator,1,0
83,human_override,receipt_revealed,rule,operator,operator,1,0
83,human_override,receipt_revealed,scm,operator,operator,1,0
83,human_override,receipt_revealed,trace-r,operator,operator,1,0
84,unauthorized_delegation,ordinary_trace,outcome,agent_A,agent_B,0,0
84,unauthorized_delegation,ordinary_trace,causal,agent_A,agent_B,0,0
84,unauthorized_delegation,ordinary_trace,rule,agent_A,agent_B,0,0
84,unauthorized_delegation,ordinary_trace,scm,agent_A,agent_B,0,0
84,unauthorized_delegation,ordinary_trace,trace-r,agent_A,NOT_IDENTIFIABLE,0,1
84,unauthorized_delegation,receipt_revealed,outcome,agent_A,agent_B,0,0
84,unauthorized_delegation,receipt_revealed,causal,agent_A,agent_B,0,0
84,unauthorized_delegation,receipt_revealed,rule,agent_A,agent_A,1,0
84,unauthorized_delegation,receipt_revealed,scm,agent_A,agent_A,1,0
84,unauthorized_delegation,receipt_revealed,trace-r,agent_A,agent_A,1,0
85,human_override,ordinary_trace,outcome,operator,developer,0,0
85,human_override,ordinary_trace,causal,operator,developer,0,0
85,human_override,ordinary_trace,rule,operator,provider,0,0
85,human_override,ordinary_trace,scm,operator,operator,1,0
85,human_override,ordinary_trace,trace-r,operator,NOT_IDENTIFIABLE,0,1
85,human_override,receipt_revealed,outcome,operator,developer,0,0
85,human_override,receipt_revealed,causal,operator,operator,1,0
85,human_override,receipt_revealed,rule,operator,operator,1,0
85,human_override,receipt_revealed,scm,operator,operator,1,0
85,human_override,receipt_revealed,trace-r,operator,operator,1,0
86,unauthorized_delegation,ordinary_trace,outcome,agent_A,agent_B,0,0
86,unauthorized_delegation,ordinary_trace,causal,agent_A,agent_B,0,0
86,unauthorized_delegation,ordinary_trace,rule,agent_A,agent_B,0,0
86,unauthorized_delegation,ordinary_trace,scm,agent_A,agent_B,0,0
86,unauthorized_delegation,ordinary_trace,trace-r,agent_A,NOT_IDENTIFIABLE,0,1
86,unauthorized_delegation,receipt_revealed,outcome,agent_A,agent_B,0,0
86,unauthorized_delegation,receipt_revealed,causal,agent_A,agent_B,0,0
86,unauthorized_delegation,receipt_revealed,rule,agent_A,agent_A,1,0
86,unauthorized_delegation,receipt_revealed,scm,agent_A,agent_A,1,0
86,unauthorized_delegation,receipt_revealed,trace-r,agent_A,agent_A,1,0
87,human_override,ordinary_trace,outcome,operator,developer,0,0
87,human_override,ordinary_trace,causal,operator,developer,0,0
87,human_override,ordinary_trace,rule,operator,provider,0,0
87,human_override,ordinary_trace,scm,operator,operator,1,0
87,human_override,ordinary_trace,trace-r,operator,NOT_IDENTIFIABLE,0,1
87,human_override,receipt_revealed,outcome,operator,developer,0,0
87,human_override,receipt_revealed,causal,operator,operator,1,0
87,human_override,receipt_revealed,rule,operator,operator,1,0
87,human_override,receipt_revealed,scm,operator,operator,1,0
87,human_override,receipt_revealed,trace-r,operator,operator,1,0
88,unauthorized_delegation,ordinary_trace,outcome,agent_A,agent_B,0,0
88,unauthorized_delegation,ordinary_trace,causal,agent_A,agent_B,0,0
88,unauthorized_delegation,ordinary_trace,rule,agent_A,agent_B,0,0
88,unauthorized_delegation,ordinary_trace,scm,agent_A,agent_B,0,0
88,unauthorized_delegation,ordinary_trace,trace-r,agent_A,NOT_IDENTIFIABLE,0,1
88,unauthorized_delegation,receipt_revealed,outcome,agent_A,agent_B,0,0
88,unauthorized_delegation,receipt_revealed,causal,agent_A,agent_B,0,0
88,unauthorized_delegation,receipt_revealed,rule,agent_A,agent_A,1,0
88,unauthorized_delegation,receipt_revealed,scm,agent_A,agent_A,1,0
88,unauthorized_delegation,receipt_revealed,trace-r,agent_A,agent_A,1,0
89,human_override,ordinary_trace,outcome,operator,developer,0,0
89,human_override,ordinary_trace,causal,operator,developer,0,0
89,human_override,ordinary_trace,rule,operator,provider,0,0
89,human_override,ordinary_trace,scm,operator,operator,1,0
89,human_override,ordinary_trace,trace-r,operator,NOT_IDENTIFIABLE,0,1
89,human_override,receipt_revealed,outcome,operator,developer,0,0
89,human_override,receipt_revealed,causal,operator,operator,1,0
89,human_override,receipt_revealed,rule,operator,operator,1,0
89,human_override,receipt_revealed,scm,operator,operator,1,0
89,human_override,receipt_revealed,trace-r,operator,operator,1,0
90,unauthorized_delegation,ordinary_trace,outcome,agent_A,agent_B,0,0
90,unauthorized_delegation,ordinary_trace,causal,agent_A,agent_B,0,0
90,unauthorized_delegation,ordinary_trace,rule,agent_A,agent_B,0,0
90,unauthorized_delegation,ordinary_trace,scm,agent_A,agent_B,0,0
90,unauthorized_delegation,ordinary_trace,trace-r,agent_A,NOT_IDENTIFIABLE,0,1
90,unauthorized_delegation,receipt_revealed,outcome,agent_A,agent_B,0,0
90,unauthorized_delegation,receipt_revealed,causal,agent_A,agent_B,0,0
90,unauthorized_delegation,receipt_revealed,rule,agent_A,agent_A,1,0
90,unauthorized_delegation,receipt_revealed,scm,agent_A,agent_A,1,0
90,unauthorized_delegation,receipt_revealed,trace-r,agent_A,agent_A,1,0
91,human_override,ordinary_trace,outcome,operator,developer,0,0
91,human_override,ordinary_trace,causal,operator,developer,0,0
91,human_override,ordinary_trace,rule,operator,provider,0,0
91,human_override,ordinary_trace,scm,operator,operator,1,0
91,human_override,ordinary_trace,trace-r,operator,NOT_IDENTIFIABLE,0,1
91,human_override,receipt_revealed,outcome,operator,developer,0,0
91,human_override,receipt_revealed,causal,operator,operator,1,0
91,human_override,receipt_revealed,rule,operator,operator,1,0
91,human_override,receipt_revealed,scm,operator,operator,1,0
91,human_override,receipt_revealed,trace-r,operator,operator,1,0
92,unauthorized_delegation,ordinary_trace,outcome,agent_A,agent_B,0,0
92,unauthorized_delegation,ordinary_trace,causal,agent_A,agent_B,0,0
92,unauthorized_delegation,ordinary_trace,rule,agent_A,agent_B,0,0
92,unauthorized_delegation,ordinary_trace,scm,agent_A,agent_B,0,0
92,unauthorized_delegation,ordinary_trace,trace-r,agent_A,NOT_IDENTIFIABLE,0,1
92,unauthorized_delegation,receipt_revealed,outcome,agent_A,agent_B,0,0
92,unauthorized_delegation,receipt_revealed,causal,agent_A,agent_B,0,0
92,unauthorized_delegation,receipt_revealed,rule,agent_A,agent_A,1,0
92,unauthorized_delegation,receipt_revealed,scm,agent_A,agent_A,1,0
92,unauthorized_delegation,receipt_revealed,trace-r,agent_A,agent_A,1,0
93,human_override,ordinary_trace,outcome,operator,developer,0,0
93,human_override,ordinary_trace,causal,operator,developer,0,0
93,human_override,ordinary_trace,rule,operator,provider,0,0
93,human_override,ordinary_trace,scm,operator,operator,1,0
93,human_override,ordinary_trace,trace-r,operator,NOT_IDENTIFIABLE,0,1
93,human_override,receipt_revealed,outcome,operator,developer,0,0
93,human_override,receipt_revealed,causal,operator,operator,1,0
93,human_override,receipt_revealed,rule,operator,operator,1,0
93,human_override,receipt_revealed,scm,operator,operator,1,0
93,human_override,receipt_revealed,trace-r,operator,operator,1,0
94,unauthorized_delegation,ordinary_trace,outcome,agent_A,agent_B,0,0
94,unauthorized_delegation,ordinary_trace,causal,agent_A,agent_B,0,0
94,unauthorized_delegation,ordinary_trace,rule,agent_A,agent_B,0,0
94,unauthorized_delegation,ordinary_trace,scm,agent_A,agent_B,0,0
94,unauthorized_delegation,ordinary_trace,trace-r,agent_A,NOT_IDENTIFIABLE,0,1
94,unauthorized_delegation,receipt_revealed,outcome,agent_A,agent_B,0,0
94,unauthorized_delegation,receipt_revealed,causal,agent_A,agent_B,0,0
94,unauthorized_delegation,receipt_revealed,rule,agent_A,agent_A,1,0
94,unauthorized_delegation,receipt_revealed,scm,agent_A,agent_A,1,0
94,unauthorized_delegation,receipt_revealed,trace-r,agent_A,agent_A,1,0
95,human_override,ordinary_trace,outcome,operator,developer,0,0
95,human_override,ordinary_trace,causal,operator,developer,0,0
95,human_override,ordinary_trace,rule,operator,provider,0,0
95,human_override,ordinary_trace,scm,operator,operator,1,0
95,human_override,ordinary_trace,trace-r,operator,NOT_IDENTIFIABLE,0,1
95,human_override,receipt_revealed,outcome,operator,developer,0,0
95,human_override,receipt_revealed,causal,operator,operator,1,0
95,human_override,receipt_revealed,rule,operator,operator,1,0
95,human_override,receipt_revealed,scm,operator,operator,1,0
95,human_override,receipt_revealed,trace-r,operator,operator,1,0
96,unauthorized_delegation,ordinary_trace,outcome,agent_A,agent_B,0,0
96,unauthorized_delegation,ordinary_trace,causal,agent_A,agent_B,0,0
96,unauthorized_delegation,ordinary_trace,rule,agent_A,agent_B,0,0
96,unauthorized_delegation,ordinary_trace,scm,agent_A,agent_B,0,0
96,unauthorized_delegation,ordinary_trace,trace-r,agent_A,NOT_IDENTIFIABLE,0,1
96,unauthorized_delegation,receipt_revealed,outcome,agent_A,agent_B,0,0
96,unauthorized_delegation,receipt_revealed,causal,agent_A,agent_B,0,0
96,unauthorized_delegation,receipt_revealed,rule,agent_A,agent_A,1,0
96,unauthorized_delegation,receipt_revealed,scm,agent_A,agent_A,1,0
96,unauthorized_delegation,receipt_revealed,trace-r,agent_A,agent_A,1,0
97,human_override,ordinary_trace,outcome,operator,developer,0,0
97,human_override,ordinary_trace,causal,operator,developer,0,0
97,human_override,ordinary_trace,rule,operator,provider,0,0
97,human_override,ordinary_trace,scm,operator,operator,1,0
97,human_override,ordinary_trace,trace-r,operator,NOT_IDENTIFIABLE,0,1
97,human_override,receipt_revealed,outcome,operator,developer,0,0
97,human_override,receipt_revealed,causal,operator,operator,1,0
97,human_override,receipt_revealed,rule,operator,operator,1,0
97,human_override,receipt_revealed,scm,operator,operator,1,0
97,human_override,receipt_revealed,trace-r,operator,operator,1,0
98,unauthorized_delegation,ordinary_trace,outcome,agent_A,agent_B,0,0
98,unauthorized_delegation,ordinary_trace,causal,agent_A,agent_B,0,0
98,unauthorized_delegation,ordinary_trace,rule,agent_A,agent_B,0,0
98,unauthorized_delegation,ordinary_trace,scm,agent_A,agent_B,0,0
98,unauthorized_delegation,ordinary_trace,trace-r,agent_A,NOT_IDENTIFIABLE,0,1
98,unauthorized_delegation,receipt_revealed,outcome,agent_A,agent_B,0,0
98,unauthorized_delegation,receipt_revealed,causal,agent_A,agent_B,0,0
98,unauthorized_delegation,receipt_revealed,rule,agent_A,agent_A,1,0
98,unauthorized_delegation,receipt_revealed,scm,agent_A,agent_A,1,0
98,unauthorized_delegation,receipt_revealed,trace-r,agent_A,agent_A,1,0
99,human_override,ordinary_trace,outcome,operator,developer,0,0
99,human_override,ordinary_trace,causal,operator,developer,0,0
99,human_override,ordinary_trace,rule,operator,provider,0,0
99,human_override,ordinary_trace,scm,operator,operator,1,0
99,human_override,ordinary_trace,trace-r,operator,NOT_IDENTIFIABLE,0,1
99,human_override,receipt_revealed,outcome,operator,developer,0,0
99,human_override,receipt_revealed,causal,operator,operator,1,0
99,human_override,receipt_revealed,rule,operator,operator,1,0
99,human_override,receipt_revealed,scm,operator,operator,1,0
99,human_override,receipt_revealed,trace-r,operator,operator,1,0
100,unauthorized_delegation,ordinary_trace,outcome,agent_A,agent_B,0,0
100,unauthorized_delegation,ordinary_trace,causal,agent_A,agent_B,0,0
100,unauthorized_delegation,ordinary_trace,rule,agent_A,agent_B,0,0
100,unauthorized_delegation,ordinary_trace,scm,agent_A,agent_B,0,0
100,unauthorized_delegation,ordinary_trace,trace-r,agent_A,NOT_IDENTIFIABLE,0,1
100,unauthorized_delegation,receipt_revealed,outcome,agent_A,agent_B,0,0
100,unauthorized_delegation,receipt_revealed,causal,agent_A,agent_B,0,0
100,unauthorized_delegation,receipt_revealed,rule,agent_A,agent_A,1,0
100,unauthorized_delegation,receipt_revealed,scm,agent_A,agent_A,1,0
100,unauthorized_delegation,receipt_revealed,trace-r,agent_A,agent_A,1,0
101,human_override,ordinary_trace,outcome,operator,developer,0,0
101,human_override,ordinary_trace,causal,operator,developer,0,0
101,human_override,ordinary_trace,rule,operator,provider,0,0
101,human_override,ordinary_trace,scm,operator,operator,1,0
101,human_override,ordinary_trace,trace-r,operator,NOT_IDENTIFIABLE,0,1
101,human_override,receipt_revealed,outcome,operator,developer,0,0
101,human_override,receipt_revealed,causal,operator,operator,1,0
101,human_override,receipt_revealed,rule,operator,operator,1,0
101,human_override,receipt_revealed,scm,operator,operator,1,0
101,human_override,receipt_revealed,trace-r,operator,operator,1,0
102,unauthorized_delegation,ordinary_trace,outcome,agent_A,agent_B,0,0
102,unauthorized_delegation,ordinary_trace,causal,agent_A,agent_B,0,0
102,unauthorized_delegation,ordinary_trace,rule,agent_A,agent_B,0,0
102,unauthorized_delegation,ordinary_trace,scm,agent_A,agent_B,0,0
102,unauthorized_delegation,ordinary_trace,trace-r,agent_A,NOT_IDENTIFIABLE,0,1
102,unauthorized_delegation,receipt_revealed,outcome,agent_A,agent_B,0,0
102,unauthorized_delegation,receipt_revealed,causal,agent_A,agent_B,0,0
102,unauthorized_delegation,receipt_revealed,rule,agent_A,agent_A,1,0
102,unauthorized_delegation,receipt_revealed,scm,agent_A,agent_A,1,0
102,unauthorized_delegation,receipt_revealed,trace-r,agent_A,agent_A,1,0
103,human_override,ordinary_trace,outcome,operator,developer,0,0
103,human_override,ordinary_trace,causal,operator,developer,0,0
103,human_override,ordinary_trace,rule,operator,provider,0,0
103,human_override,ordinary_trace,scm,operator,operator,1,0
103,human_override,ordinary_trace,trace-r,operator,NOT_IDENTIFIABLE,0,1
103,human_override,receipt_revealed,outcome,operator,developer,0,0
103,human_override,receipt_revealed,causal,operator,operator,1,0
103,human_override,receipt_revealed,rule,operator,operator,1,0
103,human_override,receipt_revealed,scm,operator,operator,1,0
103,human_override,receipt_revealed,trace-r,operator,operator,1,0
104,unauthorized_delegation,ordinary_trace,outcome,agent_A,agent_B,0,0
104,unauthorized_delegation,ordinary_trace,causal,agent_A,agent_B,0,0
104,unauthorized_delegation,ordinary_trace,rule,agent_A,agent_B,0,0
104,unauthorized_delegation,ordinary_trace,scm,agent_A,agent_B,0,0
104,unauthorized_delegation,ordinary_trace,trace-r,agent_A,NOT_IDENTIFIABLE,0,1
104,unauthorized_delegation,receipt_revealed,outcome,agent_A,agent_B,0,0
104,unauthorized_delegation,receipt_revealed,causal,agent_A,agent_B,0,0
104,unauthorized_delegation,receipt_revealed,rule,agent_A,agent_A,1,0
104,unauthorized_delegation,receipt_revealed,scm,agent_A,agent_A,1,0
104,unauthorized_delegation,receipt_revealed,trace-r,agent_A,agent_A,1,0
105,human_override,ordinary_trace,outcome,operator,developer,0,0
105,human_override,ordinary_trace,causal,operator,developer,0,0
105,human_override,ordinary_trace,rule,operator,provider,0,0
105,human_override,ordinary_trace,scm,operator,operator,1,0
105,human_override,ordinary_trace,trace-r,operator,NOT_IDENTIFIABLE,0,1
105,human_override,receipt_revealed,outcome,operator,developer,0,0
105,human_override,receipt_revealed,causal,operator,operator,1,0
105,human_override,receipt_revealed,rule,operator,operator,1,0
105,human_override,receipt_revealed,scm,operator,operator,1,0
105,human_override,receipt_revealed,trace-r,operator,operator,1,0
106,unauthorized_delegation,ordinary_trace,outcome,agent_A,agent_B,0,0
106,unauthorized_delegation,ordinary_trace,causal,agent_A,agent_B,0,0
106,unauthorized_delegation,ordinary_trace,rule,agent_A,agent_B,0,0
106,unauthorized_delegation,ordinary_trace,scm,agent_A,agent_B,0,0
106,unauthorized_delegation,ordinary_trace,trace-r,agent_A,NOT_IDENTIFIABLE,0,1
106,unauthorized_delegation,receipt_revealed,outcome,agent_A,agent_B,0,0
106,unauthorized_delegation,receipt_revealed,causal,agent_A,agent_B,0,0
106,unauthorized_delegation,receipt_revealed,rule,agent_A,agent_A,1,0
106,unauthorized_delegation,receipt_revealed,scm,agent_A,agent_A,1,0
106,unauthorized_delegation,receipt_revealed,trace-r,agent_A,agent_A,1,0
107,human_override,ordinary_trace,outcome,operator,developer,0,0
107,human_override,ordinary_trace,causal,operator,developer,0,0
107,human_override,ordinary_trace,rule,operator,provider,0,0
107,human_override,ordinary_trace,scm,operator,operator,1,0
107,human_override,ordinary_trace,trace-r,operator,NOT_IDENTIFIABLE,0,1
107,human_override,receipt_revealed,outcome,operator,developer,0,0
107,human_override,receipt_revealed,causal,operator,operator,1,0
107,human_override,receipt_revealed,rule,operator,operator,1,0
107,human_override,receipt_revealed,scm,operator,operator,1,0
107,human_override,receipt_revealed,trace-r,operator,operator,1,0
108,unauthorized_delegation,ordinary_trace,outcome,agent_A,agent_B,0,0
108,unauthorized_delegation,ordinary_trace,causal,agent_A,agent_B,0,0
108,unauthorized_delegation,ordinary_trace,rule,agent_A,agent_B,0,0
108,unauthorized_delegation,ordinary_trace,scm,agent_A,agent_B,0,0
108,unauthorized_delegation,ordinary_trace,trace-r,agent_A,NOT_IDENTIFIABLE,0,1
108,unauthorized_delegation,receipt_revealed,outcome,agent_A,agent_B,0,0
108,unauthorized_delegation,receipt_revealed,causal,agent_A,agent_B,0,0
108,unauthorized_delegation,receipt_revealed,rule,agent_A,agent_A,1,0
108,unauthorized_delegation,receipt_revealed,scm,agent_A,agent_A,1,0
108,unauthorized_delegation,receipt_revealed,trace-r,agent_A,agent_A,1,0
109,human_override,ordinary_trace,outcome,operator,developer,0,0
109,human_override,ordinary_trace,causal,operator,developer,0,0
109,human_override,ordinary_trace,rule,operator,provider,0,0
109,human_override,ordinary_trace,scm,operator,operator,1,0
109,human_override,ordinary_trace,trace-r,operator,NOT_IDENTIFIABLE,0,1
109,human_override,receipt_revealed,outcome,operator,developer,0,0
109,human_override,receipt_revealed,causal,operator,operator,1,0
109,human_override,receipt_revealed,rule,operator,operator,1,0
109,human_override,receipt_revealed,scm,operator,operator,1,0
109,human_override,receipt_revealed,trace-r,operator,operator,1,0
110,unauthorized_delegation,ordinary_trace,outcome,agent_A,agent_B,0,0
110,unauthorized_delegation,ordinary_trace,causal,agent_A,agent_B,0,0
110,unauthorized_delegation,ordinary_trace,rule,agent_A,agent_B,0,0
110,unauthorized_delegation,ordinary_trace,scm,agent_A,agent_B,0,0
110,unauthorized_delegation,ordinary_trace,trace-r,agent_A,NOT_IDENTIFIABLE,0,1
110,unauthorized_delegation,receipt_revealed,outcome,agent_A,agent_B,0,0
110,unauthorized_delegation,receipt_revealed,causal,agent_A,agent_B,0,0
110,unauthorized_delegation,receipt_revealed,rule,agent_A,agent_A,1,0
110,unauthorized_delegation,receipt_revealed,scm,agent_A,agent_A,1,0
110,unauthorized_delegation,receipt_revealed,trace-r,agent_A,agent_A,1,0
111,human_override,ordinary_trace,outcome,operator,developer,0,0
111,human_override,ordinary_trace,causal,operator,developer,0,0
111,human_override,ordinary_trace,rule,operator,provider,0,0
111,human_override,ordinary_trace,scm,operator,operator,1,0
111,human_override,ordinary_trace,trace-r,operator,NOT_IDENTIFIABLE,0,1
111,human_override,receipt_revealed,outcome,operator,developer,0,0
111,human_override,receipt_revealed,causal,operator,operator,1,0
111,human_override,receipt_revealed,rule,operator,operator,1,0
111,human_override,receipt_revealed,scm,operator,operator,1,0
111,human_override,receipt_revealed,trace-r,operator,operator,1,0
112,unauthorized_delegation,ordinary_trace,outcome,agent_A,agent_B,0,0
112,unauthorized_delegation,ordinary_trace,causal,agent_A,agent_B,0,0
112,unauthorized_delegation,ordinary_trace,rule,agent_A,agent_B,0,0
112,unauthorized_delegation,ordinary_trace,scm,agent_A,agent_B,0,0
112,unauthorized_delegation,ordinary_trace,trace-r,agent_A,NOT_IDENTIFIABLE,0,1
112,unauthorized_delegation,receipt_revealed,outcome,agent_A,agent_B,0,0
112,unauthorized_delegation,receipt_revealed,causal,agent_A,agent_B,0,0
112,unauthorized_delegation,receipt_revealed,rule,agent_A,agent_A,1,0
112,unauthorized_delegation,receipt_revealed,scm,agent_A,agent_A,1,0
112,unauthorized_delegation,receipt_revealed,trace-r,agent_A,agent_A,1,0
113,human_override,ordinary_trace,outcome,operator,developer,0,0
113,human_override,ordinary_trace,causal,operator,developer,0,0
113,human_override,ordinary_trace,rule,operator,provider,0,0
113,human_override,ordinary_trace,scm,operator,operator,1,0
113,human_override,ordinary_trace,trace-r,operator,NOT_IDENTIFIABLE,0,1
113,human_override,receipt_revealed,outcome,operator,developer,0,0
113,human_override,receipt_revealed,causal,operator,operator,1,0
113,human_override,receipt_revealed,rule,operator,operator,1,0
113,human_override,receipt_revealed,scm,operator,operator,1,0
113,human_override,receipt_revealed,trace-r,operator,operator,1,0
114,unauthorized_delegation,ordinary_trace,outcome,agent_A,agent_B,0,0
114,unauthorized_delegation,ordinary_trace,causal,agent_A,agent_B,0,0
114,unauthorized_delegation,ordinary_trace,rule,agent_A,agent_B,0,0
114,unauthorized_delegation,ordinary_trace,scm,agent_A,agent_B,0,0
114,unauthorized_delegation,ordinary_trace,trace-r,agent_A,NOT_IDENTIFIABLE,0,1
114,unauthorized_delegation,receipt_revealed,outcome,agent_A,agent_B,0,0
114,unauthorized_delegation,receipt_revealed,causal,agent_A,agent_B,0,0
114,unauthorized_delegation,receipt_revealed,rule,agent_A,agent_A,1,0
114,unauthorized_delegation,receipt_revealed,scm,agent_A,agent_A,1,0
114,unauthorized_delegation,receipt_revealed,trace-r,agent_A,agent_A,1,0
115,human_override,ordinary_trace,outcome,operator,developer,0,0
115,human_override,ordinary_trace,causal,operator,developer,0,0
115,human_override,ordinary_trace,rule,operator,provider,0,0
115,human_override,ordinary_trace,scm,operator,operator,1,0
115,human_override,ordinary_trace,trace-r,operator,NOT_IDENTIFIABLE,0,1
115,human_override,receipt_revealed,outcome,operator,developer,0,0
115,human_override,receipt_revealed,causal,operator,operator,1,0
115,human_override,receipt_revealed,rule,operator,operator,1,0
115,human_override,receipt_revealed,scm,operator,operator,1,0
115,human_override,receipt_revealed,trace-r,operator,operator,1,0
116,unauthorized_delegation,ordinary_trace,outcome,agent_A,agent_B,0,0
116,unauthorized_delegation,ordinary_trace,causal,agent_A,agent_B,0,0
116,unauthorized_delegation,ordinary_trace,rule,agent_A,agent_B,0,0
116,unauthorized_delegation,ordinary_trace,scm,agent_A,agent_B,0,0
116,unauthorized_delegation,ordinary_trace,trace-r,agent_A,NOT_IDENTIFIABLE,0,1
116,unauthorized_delegation,receipt_revealed,outcome,agent_A,agent_B,0,0
116,unauthorized_delegation,receipt_revealed,causal,agent_A,agent_B,0,0
116,unauthorized_delegation,receipt_revealed,rule,agent_A,agent_A,1,0
116,unauthorized_delegation,receipt_revealed,scm,agent_A,agent_A,1,0
116,unauthorized_delegation,receipt_revealed,trace-r,agent_A,agent_A,1,0
117,human_override,ordinary_trace,outcome,operator,developer,0,0
117,human_override,ordinary_trace,causal,operator,developer,0,0
117,human_override,ordinary_trace,rule,operator,provider,0,0
117,human_override,ordinary_trace,scm,operator,operator,1,0
117,human_override,ordinary_trace,trace-r,operator,NOT_IDENTIFIABLE,0,1
117,human_override,receipt_revealed,outcome,operator,developer,0,0
117,human_override,receipt_revealed,causal,operator,operator,1,0
117,human_override,receipt_revealed,rule,operator,operator,1,0
117,human_override,receipt_revealed,scm,operator,operator,1,0
117,human_override,receipt_revealed,trace-r,operator,operator,1,0
118,unauthorized_delegation,ordinary_trace,outcome,agent_A,agent_B,0,0
118,unauthorized_delegation,ordinary_trace,causal,agent_A,agent_B,0,0
118,unauthorized_delegation,ordinary_trace,rule,agent_A,agent_B,0,0
118,unauthorized_delegation,ordinary_trace,scm,agent_A,agent_B,0,0
118,unauthorized_delegation,ordinary_trace,trace-r,agent_A,NOT_IDENTIFIABLE,0,1
118,unauthorized_delegation,receipt_revealed,outcome,agent_A,agent_B,0,0
118,unauthorized_delegation,receipt_revealed,causal,agent_A,agent_B,0,0
118,unauthorized_delegation,receipt_revealed,rule,agent_A,agent_A,1,0
118,unauthorized_delegation,receipt_revealed,scm,agent_A,agent_A,1,0
118,unauthorized_delegation,receipt_revealed,trace-r,agent_A,agent_A,1,0
119,human_override,ordinary_trace,outcome,operator,developer,0,0
119,human_override,ordinary_trace,causal,operator,developer,0,0
119,human_override,ordinary_trace,rule,operator,provider,0,0
119,human_override,ordinary_trace,scm,operator,operator,1,0
119,human_override,ordinary_trace,trace-r,operator,NOT_IDENTIFIABLE,0,1
119,human_override,receipt_revealed,outcome,operator,developer,0,0
119,human_override,receipt_revealed,causal,operator,operator,1,0
119,human_override,receipt_revealed,rule,operator,operator,1,0
119,human_override,receipt_revealed,scm,operator,operator,1,0
119,human_override,receipt_revealed,trace-r,operator,operator,1,0
120,unauthorized_delegation,ordinary_trace,outcome,agent_A,agent_B,0,0
120,unauthorized_delegation,ordinary_trace,causal,agent_A,agent_B,0,0
120,unauthorized_delegation,ordinary_trace,rule,agent_A,agent_B,0,0
120,unauthorized_delegation,ordinary_trace,scm,agent_A,agent_B,0,0
120,unauthorized_delegation,ordinary_trace,trace-r,agent_A,NOT_IDENTIFIABLE,0,1
120,unauthorized_delegation,receipt_revealed,outcome,agent_A,agent_B,0,0
120,unauthorized_delegation,receipt_revealed,causal,agent_A,agent_B,0,0
120,unauthorized_delegation,receipt_revealed,rule,agent_A,agent_A,1,0
120,unauthorized_delegation,receipt_revealed,scm,agent_A,agent_A,1,0
120,unauthorized_delegation,receipt_revealed,trace-r,agent_A,agent_A,1,0
121,human_override,ordinary_trace,outcome,operator,developer,0,0
121,human_override,ordinary_trace,causal,operator,developer,0,0
121,human_override,ordinary_trace,rule,operator,provider,0,0
121,human_override,ordinary_trace,scm,operator,operator,1,0
121,human_override,ordinary_trace,trace-r,operator,NOT_IDENTIFIABLE,0,1
121,human_override,receipt_revealed,outcome,operator,developer,0,0
121,human_override,receipt_revealed,causal,operator,operator,1,0
121,human_override,receipt_revealed,rule,operator,operator,1,0
121,human_override,receipt_revealed,scm,operator,operator,1,0
121,human_override,receipt_revealed,trace-r,operator,operator,1,0
122,unauthorized_delegation,ordinary_trace,outcome,agent_A,agent_B,0,0
122,unauthorized_delegation,ordinary_trace,causal,agent_A,agent_B,0,0
122,unauthorized_delegation,ordinary_trace,rule,agent_A,agent_B,0,0
122,unauthorized_delegation,ordinary_trace,scm,agent_A,agent_B,0,0
122,unauthorized_delegation,ordinary_trace,trace-r,agent_A,NOT_IDENTIFIABLE,0,1
122,unauthorized_delegation,receipt_revealed,outcome,agent_A,agent_B,0,0
122,unauthorized_delegation,receipt_revealed,causal,agent_A,agent_B,0,0
122,unauthorized_delegation,receipt_revealed,rule,agent_A,agent_A,1,0
122,unauthorized_delegation,receipt_revealed,scm,agent_A,agent_A,1,0
122,unauthorized_delegation,receipt_revealed,trace-r,agent_A,agent_A,1,0
123,human_override,ordinary_trace,outcome,operator,developer,0,0
123,human_override,ordinary_trace,causal,operator,developer,0,0
123,human_override,ordinary_trace,rule,operator,provider,0,0
123,human_override,ordinary_trace,scm,operator,operator,1,0
123,human_override,ordinary_trace,trace-r,operator,NOT_IDENTIFIABLE,0,1
123,human_override,receipt_revealed,outcome,operator,developer,0,0
123,human_override,receipt_revealed,causal,operator,operator,1,0
123,human_override,receipt_revealed,rule,operator,operator,1,0
123,human_override,receipt_revealed,scm,operator,operator,1,0
123,human_override,receipt_revealed,trace-r,operator,operator,1,0
124,unauthorized_delegation,ordinary_trace,outcome,agent_A,agent_B,0,0
124,unauthorized_delegation,ordinary_trace,causal,agent_A,agent_B,0,0
124,unauthorized_delegation,ordinary_trace,rule,agent_A,agent_B,0,0
124,unauthorized_delegation,ordinary_trace,scm,agent_A,agent_B,0,0
124,unauthorized_delegation,ordinary_trace,trace-r,agent_A,NOT_IDENTIFIABLE,0,1
124,unauthorized_delegation,receipt_revealed,outcome,agent_A,agent_B,0,0
124,unauthorized_delegation,receipt_revealed,causal,agent_A,agent_B,0,0
124,unauthorized_delegation,receipt_revealed,rule,agent_A,agent_A,1,0
124,unauthorized_delegation,receipt_revealed,scm,agent_A,agent_A,1,0
124,unauthorized_delegation,receipt_revealed,trace-r,agent_A,agent_A,1,0
125,human_override,ordinary_trace,outcome,operator,developer,0,0
125,human_override,ordinary_trace,causal,operator,developer,0,0
125,human_override,ordinary_trace,rule,operator,provider,0,0
125,human_override,ordinary_trace,scm,operator,operator,1,0
125,human_override,ordinary_trace,trace-r,operator,NOT_IDENTIFIABLE,0,1
125,human_override,receipt_revealed,outcome,operator,developer,0,0
125,human_override,receipt_revealed,causal,operator,operator,1,0
125,human_override,receipt_revealed,rule,operator,operator,1,0
125,human_override,receipt_revealed,scm,operator,operator,1,0
125,human_override,receipt_revealed,trace-r,operator,operator,1,0
126,unauthorized_delegation,ordinary_trace,outcome,agent_A,agent_B,0,0
126,unauthorized_delegation,ordinary_trace,causal,agent_A,agent_B,0,0
126,unauthorized_delegation,ordinary_trace,rule,agent_A,agent_B,0,0
126,unauthorized_delegation,ordinary_trace,scm,agent_A,agent_B,0,0
126,unauthorized_delegation,ordinary_trace,trace-r,agent_A,NOT_IDENTIFIABLE,0,1
126,unauthorized_delegation,receipt_revealed,outcome,agent_A,agent_B,0,0
126,unauthorized_delegation,receipt_revealed,causal,agent_A,agent_B,0,0
126,unauthorized_delegation,receipt_revealed,rule,agent_A,agent_A,1,0
126,unauthorized_delegation,receipt_revealed,scm,agent_A,agent_A,1,0
126,unauthorized_delegation,receipt_revealed,trace-r,agent_A,agent_A,1,0
127,human_override,ordinary_trace,outcome,operator,developer,0,0
127,human_override,ordinary_trace,causal,operator,developer,0,0
127,human_override,ordinary_trace,rule,operator,provider,0,0
127,human_override,ordinary_trace,scm,operator,operator,1,0
127,human_override,ordinary_trace,trace-r,operator,NOT_IDENTIFIABLE,0,1
127,human_override,receipt_revealed,outcome,operator,developer,0,0
127,human_override,receipt_revealed,causal,operator,operator,1,0
127,human_override,receipt_revealed,rule,operator,operator,1,0
127,human_override,receipt_revealed,scm,operator,operator,1,0
127,human_override,receipt_revealed,trace-r,operator,operator,1,0
128,unauthorized_delegation,ordinary_trace,outcome,agent_A,agent_B,0,0
128,unauthorized_delegation,ordinary_trace,causal,agent_A,agent_B,0,0
128,unauthorized_delegation,ordinary_trace,rule,agent_A,agent_B,0,0
128,unauthorized_delegation,ordinary_trace,scm,agent_A,agent_B,0,0
128,unauthorized_delegation,ordinary_trace,trace-r,agent_A,NOT_IDENTIFIABLE,0,1
128,unauthorized_delegation,receipt_revealed,outcome,agent_A,agent_B,0,0
128,unauthorized_delegation,receipt_revealed,causal,agent_A,agent_B,0,0
128,unauthorized_delegation,receipt_revealed,rule,agent_A,agent_A,1,0
128,unauthorized_delegation,receipt_revealed,scm,agent_A,agent_A,1,0
128,unauthorized_delegation,receipt_revealed,trace-r,agent_A,agent_A,1,0
129,human_override,ordinary_trace,outcome,operator,developer,0,0
129,human_override,ordinary_trace,causal,operator,developer,0,0
129,human_override,ordinary_trace,rule,operator,provider,0,0
129,human_override,ordinary_trace,scm,operator,operator,1,0
129,human_override,ordinary_trace,trace-r,operator,NOT_IDENTIFIABLE,0,1
129,human_override,receipt_revealed,outcome,operator,developer,0,0
129,human_override,receipt_revealed,causal,operator,operator,1,0
129,human_override,receipt_revealed,rule,operator,operator,1,0
129,human_override,receipt_revealed,scm,operator,operator,1,0
129,human_override,receipt_revealed,trace-r,operator,operator,1,0
130,unauthorized_delegation,ordinary_trace,outcome,agent_A,agent_B,0,0
130,unauthorized_delegation,ordinary_trace,causal,agent_A,agent_B,0,0
130,unauthorized_delegation,ordinary_trace,rule,agent_A,agent_B,0,0
130,unauthorized_delegation,ordinary_trace,scm,agent_A,agent_B,0,0
130,unauthorized_delegation,ordinary_trace,trace-r,agent_A,NOT_IDENTIFIABLE,0,1
130,unauthorized_delegation,receipt_revealed,outcome,agent_A,agent_B,0,0
130,unauthorized_delegation,receipt_revealed,causal,agent_A,agent_B,0,0
130,unauthorized_delegation,receipt_revealed,rule,agent_A,agent_A,1,0
130,unauthorized_delegation,receipt_revealed,scm,agent_A,agent_A,1,0
130,unauthorized_delegation,receipt_revealed,trace-r,agent_A,agent_A,1,0
131,human_override,ordinary_trace,outcome,operator,developer,0,0
131,human_override,ordinary_trace,causal,operator,developer,0,0
131,human_override,ordinary_trace,rule,operator,provider,0,0
131,human_override,ordinary_trace,scm,operator,operator,1,0
131,human_override,ordinary_trace,trace-r,operator,NOT_IDENTIFIABLE,0,1
131,human_override,receipt_revealed,outcome,operator,developer,0,0
131,human_override,receipt_revealed,causal,operator,operator,1,0
131,human_override,receipt_revealed,rule,operator,operator,1,0
131,human_override,receipt_revealed,scm,operator,operator,1,0
131,human_override,receipt_revealed,trace-r,operator,operator,1,0
132,unauthorized_delegation,ordinary_trace,outcome,agent_A,agent_B,0,0
132,unauthorized_delegation,ordinary_trace,causal,agent_A,agent_B,0,0
132,unauthorized_delegation,ordinary_trace,rule,agent_A,agent_B,0,0
132,unauthorized_delegation,ordinary_trace,scm,agent_A,agent_B,0,0
132,unauthorized_delegation,ordinary_trace,trace-r,agent_A,NOT_IDENTIFIABLE,0,1
132,unauthorized_delegation,receipt_revealed,outcome,agent_A,agent_B,0,0
132,unauthorized_delegation,receipt_revealed,causal,agent_A,agent_B,0,0
132,unauthorized_delegation,receipt_revealed,rule,agent_A,agent_A,1,0
132,unauthorized_delegation,receipt_revealed,scm,agent_A,agent_A,1,0
132,unauthorized_delegation,receipt_revealed,trace-r,agent_A,agent_A,1,0
133,human_override,ordinary_trace,outcome,operator,developer,0,0
133,human_override,ordinary_trace,causal,operator,developer,0,0
133,human_override,ordinary_trace,rule,operator,provider,0,0
133,human_override,ordinary_trace,scm,operator,operator,1,0
133,human_override,ordinary_trace,trace-r,operator,NOT_IDENTIFIABLE,0,1
133,human_override,receipt_revealed,outcome,operator,developer,0,0
133,human_override,receipt_revealed,causal,operator,operator,1,0
133,human_override,receipt_revealed,rule,operator,operator,1,0
133,human_override,receipt_revealed,scm,operator,operator,1,0
133,human_override,receipt_revealed,trace-r,operator,operator,1,0
134,unauthorized_delegation,ordinary_trace,outcome,agent_A,agent_B,0,0
134,unauthorized_delegation,ordinary_trace,causal,agent_A,agent_B,0,0
134,unauthorized_delegation,ordinary_trace,rule,agent_A,agent_B,0,0
134,unauthorized_delegation,ordinary_trace,scm,agent_A,agent_B,0,0
134,unauthorized_delegation,ordinary_trace,trace-r,agent_A,NOT_IDENTIFIABLE,0,1
134,unauthorized_delegation,receipt_revealed,outcome,agent_A,agent_B,0,0
134,unauthorized_delegation,receipt_revealed,causal,agent_A,agent_B,0,0
134,unauthorized_delegation,receipt_revealed,rule,agent_A,agent_A,1,0
134,unauthorized_delegation,receipt_revealed,scm,agent_A,agent_A,1,0
134,unauthorized_delegation,receipt_revealed,trace-r,agent_A,agent_A,1,0
135,human_override,ordinary_trace,outcome,operator,developer,0,0
135,human_override,ordinary_trace,causal,operator,developer,0,0
135,human_override,ordinary_trace,rule,operator,provider,0,0
135,human_override,ordinary_trace,scm,operator,operator,1,0
135,human_override,ordinary_trace,trace-r,operator,NOT_IDENTIFIABLE,0,1
135,human_override,receipt_revealed,outcome,operator,developer,0,0
135,human_override,receipt_revealed,causal,operator,operator,1,0
135,human_override,receipt_revealed,rule,operator,operator,1,0
135,human_override,receipt_revealed,scm,operator,operator,1,0
135,human_override,receipt_revealed,trace-r,operator,operator,1,0
136,unauthorized_delegation,ordinary_trace,outcome,agent_A,agent_B,0,0
136,unauthorized_delegation,ordinary_trace,causal,agent_A,agent_B,0,0
136,unauthorized_delegation,ordinary_trace,rule,agent_A,agent_B,0,0
136,unauthorized_delegation,ordinary_trace,scm,agent_A,agent_B,0,0
136,unauthorized_delegation,ordinary_trace,trace-r,agent_A,NOT_IDENTIFIABLE,0,1
136,unauthorized_delegation,receipt_revealed,outcome,agent_A,agent_B,0,0
136,unauthorized_delegation,receipt_revealed,causal,agent_A,agent_B,0,0
136,unauthorized_delegation,receipt_revealed,rule,agent_A,agent_A,1,0
136,unauthorized_delegation,receipt_revealed,scm,agent_A,agent_A,1,0
136,unauthorized_delegation,receipt_revealed,trace-r,agent_A,agent_A,1,0
137,human_override,ordinary_trace,outcome,operator,developer,0,0
137,human_override,ordinary_trace,causal,operator,developer,0,0
137,human_override,ordinary_trace,rule,operator,provider,0,0
137,human_override,ordinary_trace,scm,operator,operator,1,0
137,human_override,ordinary_trace,trace-r,operator,NOT_IDENTIFIABLE,0,1
137,human_override,receipt_revealed,outcome,operator,developer,0,0
137,human_override,receipt_revealed,causal,operator,operator,1,0
137,human_override,receipt_revealed,rule,operator,operator,1,0
137,human_override,receipt_revealed,scm,operator,operator,1,0
137,human_override,receipt_revealed,trace-r,operator,operator,1,0
138,unauthorized_delegation,ordinary_trace,outcome,agent_A,agent_B,0,0
138,unauthorized_delegation,ordinary_trace,causal,agent_A,agent_B,0,0
138,unauthorized_delegation,ordinary_trace,rule,agent_A,agent_B,0,0
138,unauthorized_delegation,ordinary_trace,scm,agent_A,agent_B,0,0
138,unauthorized_delegation,ordinary_trace,trace-r,agent_A,NOT_IDENTIFIABLE,0,1
138,unauthorized_delegation,receipt_revealed,outcome,agent_A,agent_B,0,0
138,unauthorized_delegation,receipt_revealed,causal,agent_A,agent_B,0,0
138,unauthorized_delegation,receipt_revealed,rule,agent_A,agent_A,1,0
138,unauthorized_delegation,receipt_revealed,scm,agent_A,agent_A,1,0
138,unauthorized_delegation,receipt_revealed,trace-r,agent_A,agent_A,1,0
139,human_override,ordinary_trace,outcome,operator,developer,0,0
139,human_override,ordinary_trace,causal,operator,developer,0,0
139,human_override,ordinary_trace,rule,operator,provider,0,0
139,human_override,ordinary_trace,scm,operator,operator,1,0
139,human_override,ordinary_trace,trace-r,operator,NOT_IDENTIFIABLE,0,1
139,human_override,receipt_revealed,outcome,operator,developer,0,0
139,human_override,receipt_revealed,causal,operator,operator,1,0
139,human_override,receipt_revealed,rule,operator,operator,1,0
139,human_override,receipt_revealed,scm,operator,operator,1,0
139,human_override,receipt_revealed,trace-r,operator,operator,1,0
140,unauthorized_delegation,ordinary_trace,outcome,agent_A,agent_B,0,0
140,unauthorized_delegation,ordinary_trace,causal,agent_A,agent_B,0,0
140,unauthorized_delegation,ordinary_trace,rule,agent_A,agent_B,0,0
140,unauthorized_delegation,ordinary_trace,scm,agent_A,agent_B,0,0
140,unauthorized_delegation,ordinary_trace,trace-r,agent_A,NOT_IDENTIFIABLE,0,1
140,unauthorized_delegation,receipt_revealed,outcome,agent_A,agent_B,0,0
140,unauthorized_delegation,receipt_revealed,causal,agent_A,agent_B,0,0
140,unauthorized_delegation,receipt_revealed,rule,agent_A,agent_A,1,0
140,unauthorized_delegation,receipt_revealed,scm,agent_A,agent_A,1,0
140,unauthorized_delegation,receipt_revealed,trace-r,agent_A,agent_A,1,0
141,human_override,ordinary_trace,outcome,operator,developer,0,0
141,human_override,ordinary_trace,causal,operator,developer,0,0
141,human_override,ordinary_trace,rule,operator,provider,0,0
141,human_override,ordinary_trace,scm,operator,operator,1,0
141,human_override,ordinary_trace,trace-r,operator,NOT_IDENTIFIABLE,0,1
141,human_override,receipt_revealed,outcome,operator,developer,0,0
141,human_override,receipt_revealed,causal,operator,operator,1,0
141,human_override,receipt_revealed,rule,operator,operator,1,0
141,human_override,receipt_revealed,scm,operator,operator,1,0
141,human_override,receipt_revealed,trace-r,operator,operator,1,0
142,unauthorized_delegation,ordinary_trace,outcome,agent_A,agent_B,0,0
142,unauthorized_delegation,ordinary_trace,causal,agent_A,agent_B,0,0
142,unauthorized_delegation,ordinary_trace,rule,agent_A,agent_B,0,0
142,unauthorized_delegation,ordinary_trace,scm,agent_A,agent_B,0,0
142,unauthorized_delegation,ordinary_trace,trace-r,agent_A,NOT_IDENTIFIABLE,0,1
142,unauthorized_delegation,receipt_revealed,outcome,agent_A,agent_B,0,0
142,unauthorized_delegation,receipt_revealed,causal,agent_A,agent_B,0,0
142,unauthorized_delegation,receipt_revealed,rule,agent_A,agent_A,1,0
142,unauthorized_delegation,receipt_revealed,scm,agent_A,agent_A,1,0
142,unauthorized_delegation,receipt_revealed,trace-r,agent_A,agent_A,1,0
143,human_override,ordinary_trace,outcome,operator,developer,0,0
143,human_override,ordinary_trace,causal,operator,developer,0,0
143,human_override,ordinary_trace,rule,operator,provider,0,0
143,human_override,ordinary_trace,scm,operator,operator,1,0
143,human_override,ordinary_trace,trace-r,operator,NOT_IDENTIFIABLE,0,1
143,human_override,receipt_revealed,outcome,operator,developer,0,0
143,human_override,receipt_revealed,causal,operator,operator,1,0
143,human_override,receipt_revealed,rule,operator,operator,1,0
143,human_override,receipt_revealed,scm,operator,operator,1,0
143,human_override,receipt_revealed,trace-r,operator,operator,1,0
144,unauthorized_delegation,ordinary_trace,outcome,agent_A,agent_B,0,0
144,unauthorized_delegation,ordinary_trace,causal,agent_A,agent_B,0,0
144,unauthorized_delegation,ordinary_trace,rule,agent_A,agent_B,0,0
144,unauthorized_delegation,ordinary_trace,scm,agent_A,agent_B,0,0
144,unauthorized_delegation,ordinary_trace,trace-r,agent_A,NOT_IDENTIFIABLE,0,1
144,unauthorized_delegation,receipt_revealed,outcome,agent_A,agent_B,0,0
144,unauthorized_delegation,receipt_revealed,causal,agent_A,agent_B,0,0
144,unauthorized_delegation,receipt_revealed,rule,agent_A,agent_A,1,0
144,unauthorized_delegation,receipt_revealed,scm,agent_A,agent_A,1,0
144,unauthorized_delegation,receipt_revealed,trace-r,agent_A,agent_A,1,0
145,human_override,ordinary_trace,outcome,operator,developer,0,0
145,human_override,ordinary_trace,causal,operator,developer,0,0
145,human_override,ordinary_trace,rule,operator,provider,0,0
145,human_override,ordinary_trace,scm,operator,operator,1,0
145,human_override,ordinary_trace,trace-r,operator,NOT_IDENTIFIABLE,0,1
145,human_override,receipt_revealed,outcome,operator,developer,0,0
145,human_override,receipt_revealed,causal,operator,operator,1,0
145,human_override,receipt_revealed,rule,operator,operator,1,0
145,human_override,receipt_revealed,scm,operator,operator,1,0
145,human_override,receipt_revealed,trace-r,operator,operator,1,0
146,unauthorized_delegation,ordinary_trace,outcome,agent_A,agent_B,0,0
146,unauthorized_delegation,ordinary_trace,causal,agent_A,agent_B,0,0
146,unauthorized_delegation,ordinary_trace,rule,agent_A,agent_B,0,0
146,unauthorized_delegation,ordinary_trace,scm,agent_A,agent_B,0,0
146,unauthorized_delegation,ordinary_trace,trace-r,agent_A,NOT_IDENTIFIABLE,0,1
146,unauthorized_delegation,receipt_revealed,outcome,agent_A,agent_B,0,0
146,unauthorized_delegation,receipt_revealed,causal,agent_A,agent_B,0,0
146,unauthorized_delegation,receipt_revealed,rule,agent_A,agent_A,1,0
146,unauthorized_delegation,receipt_revealed,scm,agent_A,agent_A,1,0
146,unauthorized_delegation,receipt_revealed,trace-r,agent_A,agent_A,1,0
147,human_override,ordinary_trace,outcome,operator,developer,0,0
147,human_override,ordinary_trace,causal,operator,developer,0,0
147,human_override,ordinary_trace,rule,operator,provider,0,0
147,human_override,ordinary_trace,scm,operator,operator,1,0
147,human_override,ordinary_trace,trace-r,operator,NOT_IDENTIFIABLE,0,1
147,human_override,receipt_revealed,outcome,operator,developer,0,0
147,human_override,receipt_revealed,causal,operator,operator,1,0
147,human_override,receipt_revealed,rule,operator,operator,1,0
147,human_override,receipt_revealed,scm,operator,operator,1,0
147,human_override,receipt_revealed,trace-r,operator,operator,1,0
148,unauthorized_delegation,ordinary_trace,outcome,agent_A,agent_B,0,0
148,unauthorized_delegation,ordinary_trace,causal,agent_A,agent_B,0,0
148,unauthorized_delegation,ordinary_trace,rule,agent_A,agent_B,0,0
148,unauthorized_delegation,ordinary_trace,scm,agent_A,agent_B,0,0
148,unauthorized_delegation,ordinary_trace,trace-r,agent_A,NOT_IDENTIFIABLE,0,1
148,unauthorized_delegation,receipt_revealed,outcome,agent_A,agent_B,0,0
148,unauthorized_delegation,receipt_revealed,causal,agent_A,agent_B,0,0
148,unauthorized_delegation,receipt_revealed,rule,agent_A,agent_A,1,0
148,unauthorized_delegation,receipt_revealed,scm,agent_A,agent_A,1,0
148,unauthorized_delegation,receipt_revealed,trace-r,agent_A,agent_A,1,0
149,human_override,ordinary_trace,outcome,operator,developer,0,0
149,human_override,ordinary_trace,causal,operator,developer,0,0
149,human_override,ordinary_trace,rule,operator,provider,0,0
149,human_override,ordinary_trace,scm,operator,operator,1,0
149,human_override,ordinary_trace,trace-r,operator,NOT_IDENTIFIABLE,0,1
149,human_override,receipt_revealed,outcome,operator,developer,0,0
149,human_override,receipt_revealed,causal,operator,operator,1,0
149,human_override,receipt_revealed,rule,operator,operator,1,0
149,human_override,receipt_revealed,scm,operator,operator,1,0
149,human_override,receipt_revealed,trace-r,operator,operator,1,0
150,unauthorized_delegation,ordinary_trace,outcome,agent_A,agent_B,0,0
150,unauthorized_delegation,ordinary_trace,causal,agent_A,agent_B,0,0
150,unauthorized_delegation,ordinary_trace,rule,agent_A,agent_B,0,0
150,unauthorized_delegation,ordinary_trace,scm,agent_A,agent_B,0,0
150,unauthorized_delegation,ordinary_trace,trace-r,agent_A,NOT_IDENTIFIABLE,0,1
150,unauthorized_delegation,receipt_revealed,outcome,agent_A,agent_B,0,0
150,unauthorized_delegation,receipt_revealed,causal,agent_A,agent_B,0,0
150,unauthorized_delegation,receipt_revealed,rule,agent_A,agent_A,1,0
150,unauthorized_delegation,receipt_revealed,scm,agent_A,agent_A,1,0
150,unauthorized_delegation,receipt_revealed,trace-r,agent_A,agent_A,1,0
151,human_override,ordinary_trace,outcome,operator,developer,0,0
151,human_override,ordinary_trace,causal,operator,developer,0,0
151,human_override,ordinary_trace,rule,operator,provider,0,0
151,human_override,ordinary_trace,scm,operator,operator,1,0
151,human_override,ordinary_trace,trace-r,operator,NOT_IDENTIFIABLE,0,1
151,human_override,receipt_revealed,outcome,operator,developer,0,0
151,human_override,receipt_revealed,causal,operator,operator,1,0
151,human_override,receipt_revealed,rule,operator,operator,1,0
151,human_override,receipt_revealed,scm,operator,operator,1,0
151,human_override,receipt_revealed,trace-r,operator,operator,1,0
152,unauthorized_delegation,ordinary_trace,outcome,agent_A,agent_B,0,0
152,unauthorized_delegation,ordinary_trace,causal,agent_A,agent_B,0,0
152,unauthorized_delegation,ordinary_trace,rule,agent_A,agent_B,0,0
152,unauthorized_delegation,ordinary_trace,scm,agent_A,agent_B,0,0
152,unauthorized_delegation,ordinary_trace,trace-r,agent_A,NOT_IDENTIFIABLE,0,1
152,unauthorized_delegation,receipt_revealed,outcome,agent_A,agent_B,0,0
152,unauthorized_delegation,receipt_revealed,causal,agent_A,agent_B,0,0
152,unauthorized_delegation,receipt_revealed,rule,agent_A,agent_A,1,0
152,unauthorized_delegation,receipt_revealed,scm,agent_A,agent_A,1,0
152,unauthorized_delegation,receipt_revealed,trace-r,agent_A,agent_A,1,0
153,human_override,ordinary_trace,outcome,operator,developer,0,0
153,human_override,ordinary_trace,causal,operator,developer,0,0
153,human_override,ordinary_trace,rule,operator,provider,0,0
153,human_override,ordinary_trace,scm,operator,operator,1,0
153,human_override,ordinary_trace,trace-r,operator,NOT_IDENTIFIABLE,0,1
153,human_override,receipt_revealed,outcome,operator,developer,0,0
153,human_override,receipt_revealed,causal,operator,operator,1,0
153,human_override,receipt_revealed,rule,operator,operator,1,0
153,human_override,receipt_revealed,scm,operator,operator,1,0
153,human_override,receipt_revealed,trace-r,operator,operator,1,0
154,unauthorized_delegation,ordinary_trace,outcome,agent_A,agent_B,0,0
154,unauthorized_delegation,ordinary_trace,causal,agent_A,agent_B,0,0
154,unauthorized_delegation,ordinary_trace,rule,agent_A,agent_B,0,0
154,unauthorized_delegation,ordinary_trace,scm,agent_A,agent_B,0,0
154,unauthorized_delegation,ordinary_trace,trace-r,agent_A,NOT_IDENTIFIABLE,0,1
154,unauthorized_delegation,receipt_revealed,outcome,agent_A,agent_B,0,0
154,unauthorized_delegation,receipt_revealed,causal,agent_A,agent_B,0,0
154,unauthorized_delegation,receipt_revealed,rule,agent_A,agent_A,1,0
154,unauthorized_delegation,receipt_revealed,scm,agent_A,agent_A,1,0
154,unauthorized_delegation,receipt_revealed,trace-r,agent_A,agent_A,1,0
155,human_override,ordinary_trace,outcome,operator,developer,0,0
155,human_override,ordinary_trace,causal,operator,developer,0,0
155,human_override,ordinary_trace,rule,operator,provider,0,0
155,human_override,ordinary_trace,scm,operator,operator,1,0
155,human_override,ordinary_trace,trace-r,operator,NOT_IDENTIFIABLE,0,1
155,human_override,receipt_revealed,outcome,operator,developer,0,0
155,human_override,receipt_revealed,causal,operator,operator,1,0
155,human_override,receipt_revealed,rule,operator,operator,1,0
155,human_override,receipt_revealed,scm,operator,operator,1,0
155,human_override,receipt_revealed,trace-r,operator,operator,1,0
156,unauthorized_delegation,ordinary_trace,outcome,agent_A,agent_B,0,0
156,unauthorized_delegation,ordinary_trace,causal,agent_A,agent_B,0,0
156,unauthorized_delegation,ordinary_trace,rule,agent_A,agent_B,0,0
156,unauthorized_delegation,ordinary_trace,scm,agent_A,agent_B,0,0
156,unauthorized_delegation,ordinary_trace,trace-r,agent_A,NOT_IDENTIFIABLE,0,1
156,unauthorized_delegation,receipt_revealed,outcome,agent_A,agent_B,0,0
156,unauthorized_delegation,receipt_revealed,causal,agent_A,agent_B,0,0
156,unauthorized_delegation,receipt_revealed,rule,agent_A,agent_A,1,0
156,unauthorized_delegation,receipt_revealed,scm,agent_A,agent_A,1,0
156,unauthorized_delegation,receipt_revealed,trace-r,agent_A,agent_A,1,0
157,human_override,ordinary_trace,outcome,operator,developer,0,0
157,human_override,ordinary_trace,causal,operator,developer,0,0
157,human_override,ordinary_trace,rule,operator,provider,0,0
157,human_override,ordinary_trace,scm,operator,operator,1,0
157,human_override,ordinary_trace,trace-r,operator,NOT_IDENTIFIABLE,0,1
157,human_override,receipt_revealed,outcome,operator,developer,0,0
157,human_override,receipt_revealed,causal,operator,operator,1,0
157,human_override,receipt_revealed,rule,operator,operator,1,0
157,human_override,receipt_revealed,scm,operator,operator,1,0
157,human_override,receipt_revealed,trace-r,operator,operator,1,0
158,unauthorized_delegation,ordinary_trace,outcome,agent_A,agent_B,0,0
158,unauthorized_delegation,ordinary_trace,causal,agent_A,agent_B,0,0
158,unauthorized_delegation,ordinary_trace,rule,agent_A,agent_B,0,0
158,unauthorized_delegation,ordinary_trace,scm,agent_A,agent_B,0,0
158,unauthorized_delegation,ordinary_trace,trace-r,agent_A,NOT_IDENTIFIABLE,0,1
158,unauthorized_delegation,receipt_revealed,outcome,agent_A,agent_B,0,0
158,unauthorized_delegation,receipt_revealed,causal,agent_A,agent_B,0,0
158,unauthorized_delegation,receipt_revealed,rule,agent_A,agent_A,1,0
158,unauthorized_delegation,receipt_revealed,scm,agent_A,agent_A,1,0
158,unauthorized_delegation,receipt_revealed,trace-r,agent_A,agent_A,1,0
159,human_override,ordinary_trace,outcome,operator,developer,0,0
159,human_override,ordinary_trace,causal,operator,developer,0,0
159,human_override,ordinary_trace,rule,operator,provider,0,0
159,human_override,ordinary_trace,scm,operator,operator,1,0
159,human_override,ordinary_trace,trace-r,operator,NOT_IDENTIFIABLE,0,1
159,human_override,receipt_revealed,outcome,operator,developer,0,0
159,human_override,receipt_revealed,causal,operator,operator,1,0
159,human_override,receipt_revealed,rule,operator,operator,1,0
159,human_override,receipt_revealed,scm,operator,operator,1,0
159,human_override,receipt_revealed,trace-r,operator,operator,1,0
160,unauthorized_delegation,ordinary_trace,outcome,agent_A,agent_B,0,0
160,unauthorized_delegation,ordinary_trace,causal,agent_A,agent_B,0,0
160,unauthorized_delegation,ordinary_trace,rule,agent_A,agent_B,0,0
160,unauthorized_delegation,ordinary_trace,scm,agent_A,agent_B,0,0
160,unauthorized_delegation,ordinary_trace,trace-r,agent_A,NOT_IDENTIFIABLE,0,1
160,unauthorized_delegation,receipt_revealed,outcome,agent_A,agent_B,0,0
160,unauthorized_delegation,receipt_revealed,causal,agent_A,agent_B,0,0
160,unauthorized_delegation,receipt_revealed,rule,agent_A,agent_A,1,0
160,unauthorized_delegation,receipt_revealed,scm,agent_A,agent_A,1,0
160,unauthorized_delegation,receipt_revealed,trace-r,agent_A,agent_A,1,0
161,human_override,ordinary_trace,outcome,operator,developer,0,0
161,human_override,ordinary_trace,causal,operator,developer,0,0
161,human_override,ordinary_trace,rule,operator,provider,0,0
161,human_override,ordinary_trace,scm,operator,operator,1,0
161,human_override,ordinary_trace,trace-r,operator,NOT_IDENTIFIABLE,0,1
161,human_override,receipt_revealed,outcome,operator,developer,0,0
161,human_override,receipt_revealed,causal,operator,operator,1,0
161,human_override,receipt_revealed,rule,operator,operator,1,0
161,human_override,receipt_revealed,scm,operator,operator,1,0
161,human_override,receipt_revealed,trace-r,operator,operator,1,0
162,unauthorized_delegation,ordinary_trace,outcome,agent_A,agent_B,0,0
162,unauthorized_delegation,ordinary_trace,causal,agent_A,agent_B,0,0
162,unauthorized_delegation,ordinary_trace,rule,agent_A,agent_B,0,0
162,unauthorized_delegation,ordinary_trace,scm,agent_A,agent_B,0,0
162,unauthorized_delegation,ordinary_trace,trace-r,agent_A,NOT_IDENTIFIABLE,0,1
162,unauthorized_delegation,receipt_revealed,outcome,agent_A,agent_B,0,0
162,unauthorized_delegation,receipt_revealed,causal,agent_A,agent_B,0,0
162,unauthorized_delegation,receipt_revealed,rule,agent_A,agent_A,1,0
162,unauthorized_delegation,receipt_revealed,scm,agent_A,agent_A,1,0
162,unauthorized_delegation,receipt_revealed,trace-r,agent_A,agent_A,1,0
163,human_override,ordinary_trace,outcome,operator,developer,0,0
163,human_override,ordinary_trace,causal,operator,developer,0,0
163,human_override,ordinary_trace,rule,operator,provider,0,0
163,human_override,ordinary_trace,scm,operator,operator,1,0
163,human_override,ordinary_trace,trace-r,operator,NOT_IDENTIFIABLE,0,1
163,human_override,receipt_revealed,outcome,operator,developer,0,0
163,human_override,receipt_revealed,causal,operator,operator,1,0
163,human_override,receipt_revealed,rule,operator,operator,1,0
163,human_override,receipt_revealed,scm,operator,operator,1,0
163,human_override,receipt_revealed,trace-r,operator,operator,1,0
164,unauthorized_delegation,ordinary_trace,outcome,agent_A,agent_B,0,0
164,unauthorized_delegation,ordinary_trace,causal,agent_A,agent_B,0,0
164,unauthorized_delegation,ordinary_trace,rule,agent_A,agent_B,0,0
164,unauthorized_delegation,ordinary_trace,scm,agent_A,agent_B,0,0
164,unauthorized_delegation,ordinary_trace,trace-r,agent_A,NOT_IDENTIFIABLE,0,1
164,unauthorized_delegation,receipt_revealed,outcome,agent_A,agent_B,0,0
164,unauthorized_delegation,receipt_revealed,causal,agent_A,agent_B,0,0
164,unauthorized_delegation,receipt_revealed,rule,agent_A,agent_A,1,0
164,unauthorized_delegation,receipt_revealed,scm,agent_A,agent_A,1,0
164,unauthorized_delegation,receipt_revealed,trace-r,agent_A,agent_A,1,0
165,human_override,ordinary_trace,outcome,operator,developer,0,0
165,human_override,ordinary_trace,causal,operator,developer,0,0
165,human_override,ordinary_trace,rule,operator,provider,0,0
165,human_override,ordinary_trace,scm,operator,operator,1,0
165,human_override,ordinary_trace,trace-r,operator,NOT_IDENTIFIABLE,0,1
165,human_override,receipt_revealed,outcome,operator,developer,0,0
165,human_override,receipt_revealed,causal,operator,operator,1,0
165,human_override,receipt_revealed,rule,operator,operator,1,0
165,human_override,receipt_revealed,scm,operator,operator,1,0
165,human_override,receipt_revealed,trace-r,operator,operator,1,0
166,unauthorized_delegation,ordinary_trace,outcome,agent_A,agent_B,0,0
166,unauthorized_delegation,ordinary_trace,causal,agent_A,agent_B,0,0
166,unauthorized_delegation,ordinary_trace,rule,agent_A,agent_B,0,0
166,unauthorized_delegation,ordinary_trace,scm,agent_A,agent_B,0,0
166,unauthorized_delegation,ordinary_trace,trace-r,agent_A,NOT_IDENTIFIABLE,0,1
166,unauthorized_delegation,receipt_revealed,outcome,agent_A,agent_B,0,0
166,unauthorized_delegation,receipt_revealed,causal,agent_A,agent_B,0,0
166,unauthorized_delegation,receipt_revealed,rule,agent_A,agent_A,1,0
166,unauthorized_delegation,receipt_revealed,scm,agent_A,agent_A,1,0
166,unauthorized_delegation,receipt_revealed,trace-r,agent_A,agent_A,1,0
167,human_override,ordinary_trace,outcome,operator,developer,0,0
167,human_override,ordinary_trace,causal,operator,developer,0,0
167,human_override,ordinary_trace,rule,operator,provider,0,0
167,human_override,ordinary_trace,scm,operator,operator,1,0
167,human_override,ordinary_trace,trace-r,operator,NOT_IDENTIFIABLE,0,1
167,human_override,receipt_revealed,outcome,operator,developer,0,0
167,human_override,receipt_revealed,causal,operator,operator,1,0
167,human_override,receipt_revealed,rule,operator,operator,1,0
167,human_override,receipt_revealed,scm,operator,operator,1,0
167,human_override,receipt_revealed,trace-r,operator,operator,1,0
168,unauthorized_delegation,ordinary_trace,outcome,agent_A,agent_B,0,0
168,unauthorized_delegation,ordinary_trace,causal,agent_A,agent_B,0,0
168,unauthorized_delegation,ordinary_trace,rule,agent_A,agent_B,0,0
168,unauthorized_delegation,ordinary_trace,scm,agent_A,agent_B,0,0
168,unauthorized_delegation,ordinary_trace,trace-r,agent_A,NOT_IDENTIFIABLE,0,1
168,unauthorized_delegation,receipt_revealed,outcome,agent_A,agent_B,0,0
168,unauthorized_delegation,receipt_revealed,causal,agent_A,agent_B,0,0
168,unauthorized_delegation,receipt_revealed,rule,agent_A,agent_A,1,0
168,unauthorized_delegation,receipt_revealed,scm,agent_A,agent_A,1,0
168,unauthorized_delegation,receipt_revealed,trace-r,agent_A,agent_A,1,0
169,human_override,ordinary_trace,outcome,operator,developer,0,0
169,human_override,ordinary_trace,causal,operator,developer,0,0
169,human_override,ordinary_trace,rule,operator,provider,0,0
169,human_override,ordinary_trace,scm,operator,operator,1,0
169,human_override,ordinary_trace,trace-r,operator,NOT_IDENTIFIABLE,0,1
169,human_override,receipt_revealed,outcome,operator,developer,0,0
169,human_override,receipt_revealed,causal,operator,operator,1,0
169,human_override,receipt_revealed,rule,operator,operator,1,0
169,human_override,receipt_revealed,scm,operator,operator,1,0
169,human_override,receipt_revealed,trace-r,operator,operator,1,0
170,unauthorized_delegation,ordinary_trace,outcome,agent_A,agent_B,0,0
170,unauthorized_delegation,ordinary_trace,causal,agent_A,agent_B,0,0
170,unauthorized_delegation,ordinary_trace,rule,agent_A,agent_B,0,0
170,unauthorized_delegation,ordinary_trace,scm,agent_A,agent_B,0,0
170,unauthorized_delegation,ordinary_trace,trace-r,agent_A,NOT_IDENTIFIABLE,0,1
170,unauthorized_delegation,receipt_revealed,outcome,agent_A,agent_B,0,0
170,unauthorized_delegation,receipt_revealed,causal,agent_A,agent_B,0,0
170,unauthorized_delegation,receipt_revealed,rule,agent_A,agent_A,1,0
170,unauthorized_delegation,receipt_revealed,scm,agent_A,agent_A,1,0
170,unauthorized_delegation,receipt_revealed,trace-r,agent_A,agent_A,1,0
171,human_override,ordinary_trace,outcome,operator,developer,0,0
171,human_override,ordinary_trace,causal,operator,developer,0,0
171,human_override,ordinary_trace,rule,operator,provider,0,0
171,human_override,ordinary_trace,scm,operator,operator,1,0
171,human_override,ordinary_trace,trace-r,operator,NOT_IDENTIFIABLE,0,1
171,human_override,receipt_revealed,outcome,operator,developer,0,0
171,human_override,receipt_revealed,causal,operator,operator,1,0
171,human_override,receipt_revealed,rule,operator,operator,1,0
171,human_override,receipt_revealed,scm,operator,operator,1,0
171,human_override,receipt_revealed,trace-r,operator,operator,1,0
172,unauthorized_delegation,ordinary_trace,outcome,agent_A,agent_B,0,0
172,unauthorized_delegation,ordinary_trace,causal,agent_A,agent_B,0,0
172,unauthorized_delegation,ordinary_trace,rule,agent_A,agent_B,0,0
172,unauthorized_delegation,ordinary_trace,scm,agent_A,agent_B,0,0
172,unauthorized_delegation,ordinary_trace,trace-r,agent_A,NOT_IDENTIFIABLE,0,1
172,unauthorized_delegation,receipt_revealed,outcome,agent_A,agent_B,0,0
172,unauthorized_delegation,receipt_revealed,causal,agent_A,agent_B,0,0
172,unauthorized_delegation,receipt_revealed,rule,agent_A,agent_A,1,0
172,unauthorized_delegation,receipt_revealed,scm,agent_A,agent_A,1,0
172,unauthorized_delegation,receipt_revealed,trace-r,agent_A,agent_A,1,0
173,human_override,ordinary_trace,outcome,operator,developer,0,0
173,human_override,ordinary_trace,causal,operator,developer,0,0
173,human_override,ordinary_trace,rule,operator,provider,0,0
173,human_override,ordinary_trace,scm,operator,operator,1,0
173,human_override,ordinary_trace,trace-r,operator,NOT_IDENTIFIABLE,0,1
173,human_override,receipt_revealed,outcome,operator,developer,0,0
173,human_override,receipt_revealed,causal,operator,operator,1,0
173,human_override,receipt_revealed,rule,operator,operator,1,0
173,human_override,receipt_revealed,scm,operator,operator,1,0
173,human_override,receipt_revealed,trace-r,operator,operator,1,0
174,unauthorized_delegation,ordinary_trace,outcome,agent_A,agent_B,0,0
174,unauthorized_delegation,ordinary_trace,causal,agent_A,agent_B,0,0
174,unauthorized_delegation,ordinary_trace,rule,agent_A,agent_B,0,0
174,unauthorized_delegation,ordinary_trace,scm,agent_A,agent_B,0,0
174,unauthorized_delegation,ordinary_trace,trace-r,agent_A,NOT_IDENTIFIABLE,0,1
174,unauthorized_delegation,receipt_revealed,outcome,agent_A,agent_B,0,0
174,unauthorized_delegation,receipt_revealed,causal,agent_A,agent_B,0,0
174,unauthorized_delegation,receipt_revealed,rule,agent_A,agent_A,1,0
174,unauthorized_delegation,receipt_revealed,scm,agent_A,agent_A,1,0
174,unauthorized_delegation,receipt_revealed,trace-r,agent_A,agent_A,1,0
175,human_override,ordinary_trace,outcome,operator,developer,0,0
175,human_override,ordinary_trace,causal,operator,developer,0,0
175,human_override,ordinary_trace,rule,operator,provider,0,0
175,human_override,ordinary_trace,scm,operator,operator,1,0
175,human_override,ordinary_trace,trace-r,operator,NOT_IDENTIFIABLE,0,1
175,human_override,receipt_revealed,outcome,operator,developer,0,0
175,human_override,receipt_revealed,causal,operator,operator,1,0
175,human_override,receipt_revealed,rule,operator,operator,1,0
175,human_override,receipt_revealed,scm,operator,operator,1,0
175,human_override,receipt_revealed,trace-r,operator,operator,1,0
176,unauthorized_delegation,ordinary_trace,outcome,agent_A,agent_B,0,0
176,unauthorized_delegation,ordinary_trace,causal,agent_A,agent_B,0,0
176,unauthorized_delegation,ordinary_trace,rule,agent_A,agent_B,0,0
176,unauthorized_delegation,ordinary_trace,scm,agent_A,agent_B,0,0
176,unauthorized_delegation,ordinary_trace,trace-r,agent_A,NOT_IDENTIFIABLE,0,1
176,unauthorized_delegation,receipt_revealed,outcome,agent_A,agent_B,0,0
176,unauthorized_delegation,receipt_revealed,causal,agent_A,agent_B,0,0
176,unauthorized_delegation,receipt_revealed,rule,agent_A,agent_A,1,0
176,unauthorized_delegation,receipt_revealed,scm,agent_A,agent_A,1,0
176,unauthorized_delegation,receipt_revealed,trace-r,agent_A,agent_A,1,0
177,human_override,ordinary_trace,outcome,operator,developer,0,0
177,human_override,ordinary_trace,causal,operator,developer,0,0
177,human_override,ordinary_trace,rule,operator,provider,0,0
177,human_override,ordinary_trace,scm,operator,operator,1,0
177,human_override,ordinary_trace,trace-r,operator,NOT_IDENTIFIABLE,0,1
177,human_override,receipt_revealed,outcome,operator,developer,0,0
177,human_override,receipt_revealed,causal,operator,operator,1,0
177,human_override,receipt_revealed,rule,operator,operator,1,0
177,human_override,receipt_revealed,scm,operator,operator,1,0
177,human_override,receipt_revealed,trace-r,operator,operator,1,0
178,unauthorized_delegation,ordinary_trace,outcome,agent_A,agent_B,0,0
178,unauthorized_delegation,ordinary_trace,causal,agent_A,agent_B,0,0
178,unauthorized_delegation,ordinary_trace,rule,agent_A,agent_B,0,0
178,unauthorized_delegation,ordinary_trace,scm,agent_A,agent_B,0,0
178,unauthorized_delegation,ordinary_trace,trace-r,agent_A,NOT_IDENTIFIABLE,0,1
178,unauthorized_delegation,receipt_revealed,outcome,agent_A,agent_B,0,0
178,unauthorized_delegation,receipt_revealed,causal,agent_A,agent_B,0,0
178,unauthorized_delegation,receipt_revealed,rule,agent_A,agent_A,1,0
178,unauthorized_delegation,receipt_revealed,scm,agent_A,agent_A,1,0
178,unauthorized_delegation,receipt_revealed,trace-r,agent_A,agent_A,1,0
179,human_override,ordinary_trace,outcome,operator,developer,0,0
179,human_override,ordinary_trace,causal,operator,developer,0,0
179,human_override,ordinary_trace,rule,operator,provider,0,0
179,human_override,ordinary_trace,scm,operator,operator,1,0
179,human_override,ordinary_trace,trace-r,operator,NOT_IDENTIFIABLE,0,1
179,human_override,receipt_revealed,outcome,operator,developer,0,0
179,human_override,receipt_revealed,causal,operator,operator,1,0
179,human_override,receipt_revealed,rule,operator,operator,1,0
179,human_override,receipt_revealed,scm,operator,operator,1,0
179,human_override,receipt_revealed,trace-r,operator,operator,1,0
180,unauthorized_delegation,ordinary_trace,outcome,agent_A,agent_B,0,0
180,unauthorized_delegation,ordinary_trace,causal,agent_A,agent_B,0,0
180,unauthorized_delegation,ordinary_trace,rule,agent_A,agent_B,0,0
180,unauthorized_delegation,ordinary_trace,scm,agent_A,agent_B,0,0
180,unauthorized_delegation,ordinary_trace,trace-r,agent_A,NOT_IDENTIFIABLE,0,1
180,unauthorized_delegation,receipt_revealed,outcome,agent_A,agent_B,0,0
180,unauthorized_delegation,receipt_revealed,causal,agent_A,agent_B,0,0
180,unauthorized_delegation,receipt_revealed,rule,agent_A,agent_A,1,0
180,unauthorized_delegation,receipt_revealed,scm,agent_A,agent_A,1,0
180,unauthorized_delegation,receipt_revealed,trace-r,agent_A,agent_A,1,0
181,human_override,ordinary_trace,outcome,operator,developer,0,0
181,human_override,ordinary_trace,causal,operator,developer,0,0
181,human_override,ordinary_trace,rule,operator,provider,0,0
181,human_override,ordinary_trace,scm,operator,operator,1,0
181,human_override,ordinary_trace,trace-r,operator,NOT_IDENTIFIABLE,0,1
181,human_override,receipt_revealed,outcome,operator,developer,0,0
181,human_override,receipt_revealed,causal,operator,operator,1,0
181,human_override,receipt_revealed,rule,operator,operator,1,0
181,human_override,receipt_revealed,scm,operator,operator,1,0
181,human_override,receipt_revealed,trace-r,operator,operator,1,0
182,unauthorized_delegation,ordinary_trace,outcome,agent_A,agent_B,0,0
182,unauthorized_delegation,ordinary_trace,causal,agent_A,agent_B,0,0
182,unauthorized_delegation,ordinary_trace,rule,agent_A,agent_B,0,0
182,unauthorized_delegation,ordinary_trace,scm,agent_A,agent_B,0,0
182,unauthorized_delegation,ordinary_trace,trace-r,agent_A,NOT_IDENTIFIABLE,0,1
182,unauthorized_delegation,receipt_revealed,outcome,agent_A,agent_B,0,0
182,unauthorized_delegation,receipt_revealed,causal,agent_A,agent_B,0,0
182,unauthorized_delegation,receipt_revealed,rule,agent_A,agent_A,1,0
182,unauthorized_delegation,receipt_revealed,scm,agent_A,agent_A,1,0
182,unauthorized_delegation,receipt_revealed,trace-r,agent_A,agent_A,1,0
183,human_override,ordinary_trace,outcome,operator,developer,0,0
183,human_override,ordinary_trace,causal,operator,developer,0,0
183,human_override,ordinary_trace,rule,operator,provider,0,0
183,human_override,ordinary_trace,scm,operator,operator,1,0
183,human_override,ordinary_trace,trace-r,operator,NOT_IDENTIFIABLE,0,1
183,human_override,receipt_revealed,outcome,operator,developer,0,0
183,human_override,receipt_revealed,causal,operator,operator,1,0
183,human_override,receipt_revealed,rule,operator,operator,1,0
183,human_override,receipt_revealed,scm,operator,operator,1,0
183,human_override,receipt_revealed,trace-r,operator,operator,1,0
184,unauthorized_delegation,ordinary_trace,outcome,agent_A,agent_B,0,0
184,unauthorized_delegation,ordinary_trace,causal,agent_A,agent_B,0,0
184,unauthorized_delegation,ordinary_trace,rule,agent_A,agent_B,0,0
184,unauthorized_delegation,ordinary_trace,scm,agent_A,agent_B,0,0
184,unauthorized_delegation,ordinary_trace,trace-r,agent_A,NOT_IDENTIFIABLE,0,1
184,unauthorized_delegation,receipt_revealed,outcome,agent_A,agent_B,0,0
184,unauthorized_delegation,receipt_revealed,causal,agent_A,agent_B,0,0
184,unauthorized_delegation,receipt_revealed,rule,agent_A,agent_A,1,0
184,unauthorized_delegation,receipt_revealed,scm,agent_A,agent_A,1,0
184,unauthorized_delegation,receipt_revealed,trace-r,agent_A,agent_A,1,0
185,human_override,ordinary_trace,outcome,operator,developer,0,0
185,human_override,ordinary_trace,causal,operator,developer,0,0
185,human_override,ordinary_trace,rule,operator,provider,0,0
185,human_override,ordinary_trace,scm,operator,operator,1,0
185,human_override,ordinary_trace,trace-r,operator,NOT_IDENTIFIABLE,0,1
185,human_override,receipt_revealed,outcome,operator,developer,0,0
185,human_override,receipt_revealed,causal,operator,operator,1,0
185,human_override,receipt_revealed,rule,operator,operator,1,0
185,human_override,receipt_revealed,scm,operator,operator,1,0
185,human_override,receipt_revealed,trace-r,operator,operator,1,0
186,unauthorized_delegation,ordinary_trace,outcome,agent_A,agent_B,0,0
186,unauthorized_delegation,ordinary_trace,causal,agent_A,agent_B,0,0
186,unauthorized_delegation,ordinary_trace,rule,agent_A,agent_B,0,0
186,unauthorized_delegation,ordinary_trace,scm,agent_A,agent_B,0,0
186,unauthorized_delegation,ordinary_trace,trace-r,agent_A,NOT_IDENTIFIABLE,0,1
186,unauthorized_delegation,receipt_revealed,outcome,agent_A,agent_B,0,0
186,unauthorized_delegation,receipt_revealed,causal,agent_A,agent_B,0,0
186,unauthorized_delegation,receipt_revealed,rule,agent_A,agent_A,1,0
186,unauthorized_delegation,receipt_revealed,scm,agent_A,agent_A,1,0
186,unauthorized_delegation,receipt_revealed,trace-r,agent_A,agent_A,1,0
187,human_override,ordinary_trace,outcome,operator,developer,0,0
187,human_override,ordinary_trace,causal,operator,developer,0,0
187,human_override,ordinary_trace,rule,operator,provider,0,0
187,human_override,ordinary_trace,scm,operator,operator,1,0
187,human_override,ordinary_trace,trace-r,operator,NOT_IDENTIFIABLE,0,1
187,human_override,receipt_revealed,outcome,operator,developer,0,0
187,human_override,receipt_revealed,causal,operator,operator,1,0
187,human_override,receipt_revealed,rule,operator,operator,1,0
187,human_override,receipt_revealed,scm,operator,operator,1,0
187,human_override,receipt_revealed,trace-r,operator,operator,1,0
188,unauthorized_delegation,ordinary_trace,outcome,agent_A,agent_B,0,0
188,unauthorized_delegation,ordinary_trace,causal,agent_A,agent_B,0,0
188,unauthorized_delegation,ordinary_trace,rule,agent_A,agent_B,0,0
188,unauthorized_delegation,ordinary_trace,scm,agent_A,agent_B,0,0
188,unauthorized_delegation,ordinary_trace,trace-r,agent_A,NOT_IDENTIFIABLE,0,1
188,unauthorized_delegation,receipt_revealed,outcome,agent_A,agent_B,0,0
188,unauthorized_delegation,receipt_revealed,causal,agent_A,agent_B,0,0
188,unauthorized_delegation,receipt_revealed,rule,agent_A,agent_A,1,0
188,unauthorized_delegation,receipt_revealed,scm,agent_A,agent_A,1,0
188,unauthorized_delegation,receipt_revealed,trace-r,agent_A,agent_A,1,0
189,human_override,ordinary_trace,outcome,operator,developer,0,0
189,human_override,ordinary_trace,causal,operator,developer,0,0
189,human_override,ordinary_trace,rule,operator,provider,0,0
189,human_override,ordinary_trace,scm,operator,operator,1,0
189,human_override,ordinary_trace,trace-r,operator,NOT_IDENTIFIABLE,0,1
189,human_override,receipt_revealed,outcome,operator,developer,0,0
189,human_override,receipt_revealed,causal,operator,operator,1,0
189,human_override,receipt_revealed,rule,operator,operator,1,0
189,human_override,receipt_revealed,scm,operator,operator,1,0
189,human_override,receipt_revealed,trace-r,operator,operator,1,0
190,unauthorized_delegation,ordinary_trace,outcome,agent_A,agent_B,0,0
190,unauthorized_delegation,ordinary_trace,causal,agent_A,agent_B,0,0
190,unauthorized_delegation,ordinary_trace,rule,agent_A,agent_B,0,0
190,unauthorized_delegation,ordinary_trace,scm,agent_A,agent_B,0,0
190,unauthorized_delegation,ordinary_trace,trace-r,agent_A,NOT_IDENTIFIABLE,0,1
190,unauthorized_delegation,receipt_revealed,outcome,agent_A,agent_B,0,0
190,unauthorized_delegation,receipt_revealed,causal,agent_A,agent_B,0,0
190,unauthorized_delegation,receipt_revealed,rule,agent_A,agent_A,1,0
190,unauthorized_delegation,receipt_revealed,scm,agent_A,agent_A,1,0
190,unauthorized_delegation,receipt_revealed,trace-r,agent_A,agent_A,1,0
191,human_override,ordinary_trace,outcome,operator,developer,0,0
191,human_override,ordinary_trace,causal,operator,developer,0,0
191,human_override,ordinary_trace,rule,operator,provider,0,0
191,human_override,ordinary_trace,scm,operator,operator,1,0
191,human_override,ordinary_trace,trace-r,operator,NOT_IDENTIFIABLE,0,1
191,human_override,receipt_revealed,outcome,operator,developer,0,0
191,human_override,receipt_revealed,causal,operator,operator,1,0
191,human_override,receipt_revealed,rule,operator,operator,1,0
191,human_override,receipt_revealed,scm,operator,operator,1,0
191,human_override,receipt_revealed,trace-r,operator,operator,1,0
192,unauthorized_delegation,ordinary_trace,outcome,agent_A,agent_B,0,0
192,unauthorized_delegation,ordinary_trace,causal,agent_A,agent_B,0,0
192,unauthorized_delegation,ordinary_trace,rule,agent_A,agent_B,0,0
192,unauthorized_delegation,ordinary_trace,scm,agent_A,agent_B,0,0
192,unauthorized_delegation,ordinary_trace,trace-r,agent_A,NOT_IDENTIFIABLE,0,1
192,unauthorized_delegation,receipt_revealed,outcome,agent_A,agent_B,0,0
192,unauthorized_delegation,receipt_revealed,causal,agent_A,agent_B,0,0
192,unauthorized_delegation,receipt_revealed,rule,agent_A,agent_A,1,0
192,unauthorized_delegation,receipt_revealed,scm,agent_A,agent_A,1,0
192,unauthorized_delegation,receipt_revealed,trace-r,agent_A,agent_A,1,0
193,human_override,ordinary_trace,outcome,operator,developer,0,0
193,human_override,ordinary_trace,causal,operator,developer,0,0
193,human_override,ordinary_trace,rule,operator,provider,0,0
193,human_override,ordinary_trace,scm,operator,operator,1,0
193,human_override,ordinary_trace,trace-r,operator,NOT_IDENTIFIABLE,0,1
193,human_override,receipt_revealed,outcome,operator,developer,0,0
193,human_override,receipt_revealed,causal,operator,operator,1,0
193,human_override,receipt_revealed,rule,operator,operator,1,0
193,human_override,receipt_revealed,scm,operator,operator,1,0
193,human_override,receipt_revealed,trace-r,operator,operator,1,0
194,unauthorized_delegation,ordinary_trace,outcome,agent_A,agent_B,0,0
194,unauthorized_delegation,ordinary_trace,causal,agent_A,agent_B,0,0
194,unauthorized_delegation,ordinary_trace,rule,agent_A,agent_B,0,0
194,unauthorized_delegation,ordinary_trace,scm,agent_A,agent_B,0,0
194,unauthorized_delegation,ordinary_trace,trace-r,agent_A,NOT_IDENTIFIABLE,0,1
194,unauthorized_delegation,receipt_revealed,outcome,agent_A,agent_B,0,0
194,unauthorized_delegation,receipt_revealed,causal,agent_A,agent_B,0,0
194,unauthorized_delegation,receipt_revealed,rule,agent_A,agent_A,1,0
194,unauthorized_delegation,receipt_revealed,scm,agent_A,agent_A,1,0
194,unauthorized_delegation,receipt_revealed,trace-r,agent_A,agent_A,1,0
195,human_override,ordinary_trace,outcome,operator,developer,0,0
195,human_override,ordinary_trace,causal,operator,developer,0,0
195,human_override,ordinary_trace,rule,operator,provider,0,0
195,human_override,ordinary_trace,scm,operator,operator,1,0
195,human_override,ordinary_trace,trace-r,operator,NOT_IDENTIFIABLE,0,1
195,human_override,receipt_revealed,outcome,operator,developer,0,0
195,human_override,receipt_revealed,causal,operator,operator,1,0
195,human_override,receipt_revealed,rule,operator,operator,1,0
195,human_override,receipt_revealed,scm,operator,operator,1,0
195,human_override,receipt_revealed,trace-r,operator,operator,1,0
196,unauthorized_delegation,ordinary_trace,outcome,agent_A,agent_B,0,0
196,unauthorized_delegation,ordinary_trace,causal,agent_A,agent_B,0,0
196,unauthorized_delegation,ordinary_trace,rule,agent_A,agent_B,0,0
196,unauthorized_delegation,ordinary_trace,scm,agent_A,agent_B,0,0
196,unauthorized_delegation,ordinary_trace,trace-r,agent_A,NOT_IDENTIFIABLE,0,1
196,unauthorized_delegation,receipt_revealed,outcome,agent_A,agent_B,0,0
196,unauthorized_delegation,receipt_revealed,causal,agent_A,agent_B,0,0
196,unauthorized_delegation,receipt_revealed,rule,agent_A,agent_A,1,0
196,unauthorized_delegation,receipt_revealed,scm,agent_A,agent_A,1,0
196,unauthorized_delegation,receipt_revealed,trace-r,agent_A,agent_A,1,0
197,human_override,ordinary_trace,outcome,operator,developer,0,0
197,human_override,ordinary_trace,causal,operator,developer,0,0
197,human_override,ordinary_trace,rule,operator,provider,0,0
197,human_override,ordinary_trace,scm,operator,operator,1,0
197,human_override,ordinary_trace,trace-r,operator,NOT_IDENTIFIABLE,0,1
197,human_override,receipt_revealed,outcome,operator,developer,0,0
197,human_override,receipt_revealed,causal,operator,operator,1,0
197,human_override,receipt_revealed,rule,operator,operator,1,0
197,human_override,receipt_revealed,scm,operator,operator,1,0
197,human_override,receipt_revealed,trace-r,operator,operator,1,0
198,unauthorized_delegation,ordinary_trace,outcome,agent_A,agent_B,0,0
198,unauthorized_delegation,ordinary_trace,causal,agent_A,agent_B,0,0
198,unauthorized_delegation,ordinary_trace,rule,agent_A,agent_B,0,0
198,unauthorized_delegation,ordinary_trace,scm,agent_A,agent_B,0,0
198,unauthorized_delegation,ordinary_trace,trace-r,agent_A,NOT_IDENTIFIABLE,0,1
198,unauthorized_delegation,receipt_revealed,outcome,agent_A,agent_B,0,0
198,unauthorized_delegation,receipt_revealed,causal,agent_A,agent_B,0,0
198,unauthorized_delegation,receipt_revealed,rule,agent_A,agent_A,1,0
198,unauthorized_delegation,receipt_revealed,scm,agent_A,agent_A,1,0
198,unauthorized_delegation,receipt_revealed,trace-r,agent_A,agent_A,1,0
199,human_override,ordinary_trace,outcome,operator,developer,0,0
199,human_override,ordinary_trace,causal,operator,developer,0,0
199,human_override,ordinary_trace,rule,operator,provider,0,0
199,human_override,ordinary_trace,scm,operator,operator,1,0
199,human_override,ordinary_trace,trace-r,operator,NOT_IDENTIFIABLE,0,1
199,human_override,receipt_revealed,outcome,operator,developer,0,0
199,human_override,receipt_revealed,causal,operator,operator,1,0
199,human_override,receipt_revealed,rule,operator,operator,1,0
199,human_override,receipt_revealed,scm,operator,operator,1,0
199,human_override,receipt_revealed,trace-r,operator,operator,1,0
